YEAR,state,flfp,college_share,married_share,mean_age,n_observations,sum_weights,flfp_pct,college_pct,married_pct,treated
2000,Alabama,0.7463202512130519,0.24319992326812748,0.6436843844012756,39.42135495538115,4738.0,11527761.419599999,74.63202512130519,24.31999232681275,64.36843844012756,0
2000,Alaska,0.7730590653874222,0.2917320374957639,0.6974657627572004,39.684721689027036,4312.0,1714911.6415,77.30590653874222,29.173203749576388,69.74657627572005,0
2000,Arizona,0.7336896092101869,0.2613001616684149,0.6292217622306908,39.03591701485592,5165.0,13050918.3344,73.36896092101868,26.13001616684149,62.92217622306908,0
2000,Arkansas,0.780669718715091,0.21678934281752832,0.6897990042640875,39.61202123962255,4055.0,6313745.0615,78.06697187150911,21.67893428175283,68.97990042640875,0
2000,California,0.7255586498663911,0.2883402718482468,0.6176353235616229,38.958384860043935,28421.0,90265223.1992,72.55586498663911,28.834027184824677,61.76353235616229,0
2000,Colorado,0.778383548476081,0.3556865630812126,0.6646676061902088,39.29597588234548,4930.0,11900729.3577,77.8383548476081,35.56865630812126,66.46676061902087,0
2000,Connecticut,0.8063137143424605,0.3703662020492105,0.6487367786640909,39.920919781108076,3510.0,9198609.653500002,80.63137143424605,37.03662020492105,64.87367786640908,0
2000,Delaware,0.8060103394554345,0.27835388054432014,0.6374389714159363,39.609630601603584,3437.0,2083254.7068000003,80.60103394554345,27.835388054432013,63.74389714159363,0
2000,District of Columbia,0.8437512762850365,0.44879072997118324,0.32386782007571707,38.79412910917677,3282.0,1597458.594,84.37512762850365,44.87907299711832,32.38678200757171,0
2000,Florida,0.7563650689840427,0.2585083389671345,0.6263746966509751,39.54013197373376,15581.0,41414604.5763,75.63650689840426,25.85083389671345,62.63746966509751,0
2000,Georgia,0.7789476785960572,0.25739330128785365,0.6060442504839217,38.59033737075463,5797.0,23331836.954,77.89476785960572,25.739330128785365,60.60442504839217,0
2000,Hawaii,0.8106062011982708,0.3048921621083855,0.6093159745736744,39.48519428950566,3372.0,3164708.2939999998,81.06062011982708,30.48921621083855,60.93159745736744,0
2000,Idaho,0.7769695346849373,0.21076024956715425,0.7063036112845953,39.62696127169333,4688.0,3130893.897,77.69695346849373,21.076024956715425,70.63036112845953,0
2000,Illinois,0.7860420751688282,0.29837161663912093,0.6358697852468324,39.303272846598546,13949.0,32844233.658299997,78.60420751688282,29.83716166391209,63.58697852468323,0
2000,Indiana,0.766476525340329,0.23477887923614052,0.7332327118379213,40.03850468385264,4256.0,15305543.6153,76.6476525340329,23.477887923614052,73.32327118379213,0
2000,Iowa,0.8419131187322959,0.2753330779340207,0.7194547046652415,39.49464667774568,4123.0,7393460.7744,84.1913118732296,27.533307793402066,71.94547046652416,0
2000,Kansas,0.8283234595313257,0.33417323140396193,0.700286864634359,39.822979554699614,4143.0,6616201.4507,82.83234595313257,33.41732314039619,70.02868646343589,0
2000,Kentucky,0.745981637039852,0.22819991889203772,0.6838432791894566,39.91648535737477,4347.0,10605260.885499999,74.5981637039852,22.819991889203774,68.38432791894566,0
2000,Louisiana,0.700044288480408,0.24299941599535835,0.6143308966892651,39.194746827029924,4333.0,11522511.842799999,70.0044288480408,24.299941599535835,61.43308966892651,0
2000,Maine,0.8122567184298313,0.25786762302271143,0.7053207227403927,40.148958520817025,3644.0,3466980.9479,81.22567184298313,25.786762302271143,70.53207227403927,0
2000,Maryland,0.8343565423230423,0.3595280056552709,0.6084290865985224,39.53053520077838,3785.0,13966993.7524,83.43565423230423,35.952800565527085,60.842908659852235,0
2000,Massachusetts,0.7975702160032182,0.3816415060687893,0.6124844336981449,39.41907704835548,7580.0,16917117.6592,79.75702160032182,38.164150606878934,61.24844336981449,0
2000,Michigan,0.7616076361294447,0.2611368584326778,0.6687902629631207,39.80373366215708,11602.0,26466661.198200002,76.16076361294446,26.11368584326778,66.87902629631208,0
2000,Minnesota,0.8421203579382808,0.3324425868840741,0.7084598761625013,39.62923426791831,4790.0,13065377.9307,84.21203579382808,33.244258688407406,70.84598761625013,0
2000,Mississippi,0.7648857329427053,0.22174441266155676,0.6487987684981479,38.94352509905211,3763.0,7201472.173900001,76.48857329427054,22.174441266155675,64.87987684981479,0
2000,Missouri,0.8238479282828252,0.2916722123616199,0.6515911804983663,39.3354681061116,3945.0,14485198.4006,82.38479282828251,29.16722123616199,65.15911804983662,0
2000,Montana,0.8224793747767589,0.2783184858272687,0.6880537568790963,40.33968178161135,4385.0,2249199.4854,82.24793747767589,27.83184858272687,68.80537568790963,0
2000,Nebraska,0.8554651830013431,0.2776435023176194,0.7063653093326291,39.82835119978507,4265.0,4157433.7345000003,85.54651830013431,27.76435023176194,70.6365309332629,0
2000,Nevada,0.7539274117182273,0.2148093160137528,0.6385248272378639,39.1889788381702,4746.0,5374886.2774,75.39274117182273,21.480931601375282,63.85248272378639,0
2000,New Hampshire,0.8166297166574248,0.31715715492100455,0.679628737192874,39.337332342046984,3597.0,3405846.2839,81.66297166574248,31.715715492100454,67.9628737192874,0
2000,New Jersey,0.7562134888155662,0.3525260482857642,0.6504549519159349,39.86072161716144,10176.0,22964148.3288,75.62134888155661,35.25260482857642,65.04549519159349,0
2000,New Mexico,0.7596534253445927,0.24596017416376806,0.6407946266168442,39.82618114255454,4376.0,4569536.2061,75.96534253445927,24.596017416376807,64.07946266168442,0
2000,New York,0.7340541707288795,0.31932139292685136,0.5896712485545681,39.36581180761593,20874.0,51067590.0845,73.40541707288794,31.932139292685136,58.96712485545681,0
2000,North Carolina,0.7899236542750634,0.2691506751618155,0.6633886080222718,39.51584588950559,8381.0,21204305.222599998,78.99236542750634,26.91506751618155,66.33886080222719,0
2000,North Dakota,0.8799282319019808,0.27839596826820473,0.7049157197625249,39.978860249797336,4054.0,1583793.2889,87.99282319019808,27.839596826820472,70.49157197625249,0
2000,Ohio,0.7732363186758558,0.2713332138658202,0.6427719673320794,39.46885343671204,12270.0,29273537.015,77.32363186758559,27.133321386582022,64.27719673320794,0
2000,Oklahoma,0.7354055510213076,0.23538782755463655,0.696831482018694,39.6089329415962,4679.0,8475161.930100001,73.54055510213075,23.538782755463654,69.6831482018694,0
2000,Oregon,0.7851421161830467,0.313565467137287,0.653398333015496,39.89355774982189,4084.0,9148638.3966,78.51421161830467,31.3565467137287,65.3398333015496,0
2000,Pennsylvania,0.7681636026382874,0.2833709027260091,0.6627600980420424,40.12955831961586,13039.0,30914055.847400002,76.81636026382874,28.33709027260091,66.27600980420424,0
2000,Rhode Island,0.7879846068929477,0.34374479778678996,0.610931485598261,39.959175491940236,3429.0,2806614.9513,78.79846068929477,34.374479778678996,61.093148559826105,0
2000,South Carolina,0.792690399055103,0.2417490914212715,0.6555454756260773,40.2271351664247,3621.0,10710283.0442,79.2690399055103,24.17490914212715,65.55454756260774,0
2000,South Dakota,0.860300924663855,0.2864403344541434,0.7228428700780342,39.489391816876335,4090.0,1779656.7922999999,86.0300924663855,28.64403344541434,72.28428700780341,0
2000,Tennessee,0.7519706243613253,0.22818747431409944,0.6704644432510181,39.557596954516015,4437.0,14978325.8186,75.19706243613254,22.818747431409943,67.0464443251018,0
2000,Texas,0.7397636857322691,0.2598575034272208,0.6600975146692628,38.75415238414087,16580.0,53268088.8246,73.97636857322692,25.98575034272208,66.00975146692628,0
2000,Utah,0.7235668818062426,0.27726453117119304,0.7526917046264581,38.27774291764161,4251.0,5260650.8663,72.35668818062426,27.726453117119306,75.2691704626458,0
2000,Vermont,0.8284249255495787,0.3311115413773652,0.6387820897030178,40.00646885714873,3367.0,1673839.0184,82.84249255495787,33.11115413773652,63.87820897030178,0
2000,Virginia,0.7918133758889468,0.3440539988306916,0.6668595531053219,39.59099791659178,5345.0,19199559.211200003,79.18133758889468,34.40539988306916,66.68595531053218,0
2000,Washington,0.782652599979435,0.2867318341533739,0.6364251562481523,39.40534942214883,4297.0,15708759.9823,78.2652599979435,28.673183415337387,63.64251562481523,0
2000,West Virginia,0.7191321452152704,0.19529595706413735,0.6713849313389083,39.837399345771544,4315.0,4643282.5248,71.91321452152704,19.529595706413737,67.13849313389083,0
2000,Wisconsin,0.8455347458813876,0.2808206497350717,0.6904100667911496,39.65622910093843,4589.0,13779156.8275,84.55347458813876,28.08206497350717,69.04100667911496,0
2000,Wyoming,0.8057231676244706,0.2103085678355563,0.716706040508992,40.10912385421159,4319.0,1292710.7269000001,80.57231676244706,21.030856783555627,71.6706040508992,0
2001,Alabama,0.7325556936031431,0.23758062725399803,0.6283203009156403,39.82439304655821,5499.0,11646151.1268,73.25556936031431,23.758062725399803,62.83203009156403,0
2001,Alaska,0.7860472696706299,0.28909554344229504,0.6952905389214905,40.12027481546754,5237.0,1688459.1692,78.60472696706299,28.909554344229505,69.52905389214905,0
2001,Arizona,0.7309450945205926,0.2613107009656236,0.6447215452331301,39.038584765299916,4791.0,13002001.383200001,73.09450945205927,26.131070096562357,64.47215452331301,0
2001,Arkansas,0.7583887312091973,0.20931375840576052,0.68050627941696,39.78788088558478,4169.0,6606064.8408,75.83887312091973,20.931375840576052,68.05062794169599,0
2001,California,0.7290818450351358,0.2933902082875151,0.6229909119371014,39.07198870152046,27501.0,90788717.2884,72.90818450351358,29.33902082875151,62.29909119371014,0
2001,Colorado,0.7821882455632566,0.3688255050062635,0.6508866575058264,39.27431099858455,6810.0,11906699.752300002,78.21882455632566,36.88255050062635,65.08866575058263,0
2001,Connecticut,0.8093543711154666,0.3813377122011478,0.6505005921715133,40.00963983521411,5420.0,8933373.6612,80.93543711154666,38.13377122011478,65.05005921715133,0
2001,Delaware,0.8275499231936824,0.30406446329961445,0.6500799905237716,40.142862740813754,4277.0,2063038.4978,82.75499231936824,30.406446329961444,65.00799905237716,0
2001,District of Columbia,0.8216670462582748,0.4554293846281104,0.3395487663581214,38.561278264100295,3724.0,1535045.3506,82.16670462582748,45.54293846281104,33.95487663581214,0
2001,Florida,0.7491147591128451,0.27494843838550254,0.6242495431641139,39.75482442700037,15428.0,41618588.3804,74.91147591128451,27.494843838550253,62.42495431641139,0
2001,Georgia,0.7517443228261257,0.27445705756108724,0.6229696163533854,38.7104134237269,5457.0,23106672.0399,75.17443228261257,27.445705756108723,62.29696163533854,0
2001,Hawaii,0.7945655289342775,0.302956022283433,0.6107428118844596,39.73627845481577,4472.0,3096403.0384,79.45655289342774,30.2956022283433,61.07428118844596,0
2001,Idaho,0.7920621220905707,0.2116425220905068,0.7078945475771937,39.60844204390863,4695.0,3210882.3732000003,79.20621220905707,21.16425220905068,70.78945475771937,0
2001,Illinois,0.765317902813426,0.29918957095505705,0.63491046146299,39.461875215083545,13830.0,33021920.496299997,76.53179028134261,29.918957095505704,63.491046146299,0
2001,Indiana,0.7815324960188501,0.23100081889104387,0.6724350302326982,40.30637971103021,6137.0,15770000.7796,78.15324960188501,23.100081889104388,67.24350302326982,0
2001,Iowa,0.85031628082385,0.2828635378036376,0.7223844038032149,39.957255551863895,5655.0,7423829.8782,85.031628082385,28.28635378036376,72.23844038032149,0
2001,Kansas,0.7966761105979665,0.34689170413512926,0.7128182762037236,39.98051731286317,5293.0,6586708.1578,79.66761105979666,34.689170413512926,71.28182762037237,0
2001,Kentucky,0.7284675619549744,0.2357495399798944,0.6926264957280781,40.04088286843933,5074.0,10857850.425999999,72.84675619549745,23.57495399798944,69.26264957280782,0
2001,Louisiana,0.7123375299099117,0.2324173072419992,0.5966186330076918,39.25482904573993,3924.0,10787349.407200001,71.23375299099118,23.24173072419992,59.66186330076918,0
2001,Maine,0.8026121843342584,0.2703951171730972,0.6942822166737758,40.31095560760429,5574.0,3504261.9083000002,80.26121843342584,27.039511717309722,69.42822166737757,0
2001,Maryland,0.8473277818890989,0.37345751268337757,0.6071748792423628,40.148772711105266,5326.0,13755990.1604,84.73277818890989,37.34575126833776,60.71748792423628,0
2001,Massachusetts,0.7838314314579762,0.37966522191926283,0.6124828998866563,39.41325214320063,7516.0,17251181.0489,78.38314314579762,37.96652219192628,61.248289988665626,0
2001,Michigan,0.7659600833074557,0.2839555458046204,0.6577197461862547,39.889827817674735,11291.0,27108862.4439,76.59600833074556,28.39555458046204,65.77197461862548,0
2001,Minnesota,0.8535571271588817,0.3374531720706018,0.6902366830859825,39.91204103719947,6472.0,13429618.8585,85.35571271588816,33.74531720706018,69.02366830859825,0
2001,Mississippi,0.7497619504612999,0.2346874170861347,0.63503079500995,38.95242917915793,3753.0,7381834.195499999,74.97619504612999,23.468741708613468,63.503079500995,0
2001,Missouri,0.8260516411859659,0.29404998812335703,0.6492179398810766,39.46629791247445,5324.0,14722176.5647,82.60516411859659,29.404998812335702,64.92179398810765,0
2001,Montana,0.8086056763689639,0.28024069123515055,0.6600420771897114,40.440511068843506,4074.0,2239101.6759,80.86056763689639,28.024069123515055,66.00420771897114,0
2001,Nebraska,0.8367542516704455,0.30845515856958816,0.7107160869352892,39.86720250341003,5117.0,4074846.4037000006,83.67542516704455,30.845515856958816,71.07160869352892,0
2001,Nevada,0.7667310225126384,0.21407067011808362,0.6357423608471576,39.585027079844345,6029.0,5333563.6903,76.67310225126384,21.407067011808362,63.574236084715764,0
2001,New Hampshire,0.8155734051141013,0.31018484679896313,0.652488133392864,39.92431550719721,5771.0,3484473.0913000004,81.55734051141013,31.018484679896314,65.2488133392864,0
2001,New Jersey,0.7538479996603739,0.3462822565053903,0.6668094349124903,39.70425764325822,10092.0,23259293.0417,75.38479996603739,34.62822565053903,66.68094349124904,0
2001,New Mexico,0.7422507116751808,0.244010787286216,0.6129973935761893,40.09376529355079,4275.0,4584278.140900001,74.22507116751808,24.4010787286216,61.29973935761893,0
2001,New York,0.7265608622362805,0.32262285446213623,0.5919573485285186,39.58948362282361,20426.0,51002646.23110001,72.65608622362805,32.262285446213625,59.19573485285186,0
2001,North Carolina,0.7912438425834893,0.27183650016107463,0.6537599204056238,39.6381455943502,8039.0,21079311.9813,79.12438425834894,27.183650016107464,65.37599204056238,0
2001,North Dakota,0.8644138581790318,0.29933884064151123,0.7079690803903363,40.3777103487562,4724.0,1549431.3842000002,86.44138581790318,29.933884064151123,70.79690803903364,0
2001,Ohio,0.7774208125971988,0.27003480983819755,0.6426350475455983,39.77659420913644,12343.0,30370193.075900003,77.74208125971988,27.003480983819756,64.26350475455983,0
2001,Oklahoma,0.7434954532472996,0.22745823977525592,0.6929846722987965,39.896280747226335,4576.0,8131780.104900001,74.34954532472996,22.745823977525593,69.29846722987965,0
2001,Oregon,0.7774775285261255,0.2953380330387159,0.6499616309902906,39.61877931915592,5413.0,9176314.8871,77.74775285261255,29.533803303871593,64.99616309902906,0
2001,Pennsylvania,0.7833494615760829,0.2888831252611839,0.6568188253276404,40.340544472564645,13381.0,31598666.362900004,78.33494615760829,28.888312526118394,65.68188253276404,0
2001,Rhode Island,0.7992642730045372,0.3338926358192029,0.6053923914875373,39.96760731740335,5565.0,2738585.0626999997,79.92642730045372,33.38926358192029,60.53923914875373,0
2001,South Carolina,0.7762890445882923,0.25052592957008235,0.6235532968133413,40.30351686374275,4245.0,10441088.7643,77.62890445882923,25.052592957008237,62.355329681334126,0
2001,South Dakota,0.8628758774258279,0.2748171145457493,0.7236034055302705,40.14122593272727,5058.0,1795851.5692,86.2875877425828,27.48171145457493,72.36034055302704,0
2001,Tennessee,0.7504186796495085,0.2508332234342328,0.6659964453200843,39.66313618741549,4547.0,15125252.702,75.04186796495085,25.08332234342328,66.59964453200843,0
2001,Texas,0.7328376869290292,0.25326198568432956,0.6550403350257297,38.903070094677254,15942.0,53632274.6266,73.28376869290292,25.326198568432957,65.50403350257297,0
2001,Utah,0.7269695937263546,0.2614550543086841,0.7510422062909221,38.20198781515513,4554.0,5171531.343599999,72.69695937263546,26.14550543086841,75.10422062909221,0
2001,Vermont,0.8213821595183375,0.33066722095155937,0.6399415753619402,40.45673872599911,5102.0,1709205.2825,82.13821595183374,33.06672209515594,63.99415753619402,0
2001,Virginia,0.8024260312269631,0.34542476493820956,0.6461018403417951,39.80426528907925,6287.0,19131518.6483,80.24260312269631,34.542476493820956,64.61018403417951,0
2001,Washington,0.7636065468066942,0.31082752562912747,0.6441123460729695,39.35567685689507,5837.0,15598216.775000002,76.36065468066941,31.082752562912745,64.41123460729695,0
2001,West Virginia,0.706477010131179,0.18650957464197768,0.7147617199275518,40.15396099170365,4933.0,4519897.778,70.64770101311791,18.650957464197766,71.47617199275518,0
2001,Wisconsin,0.8490089320836777,0.29098018637831913,0.701780131463742,40.17030829669305,6336.0,13480338.3451,84.90089320836776,29.098018637831913,70.1780131463742,0
2001,Wyoming,0.8161964092939331,0.22355038219929277,0.7242956454681686,39.99768235757843,4988.0,1317270.0722,81.61964092939331,22.355038219929277,72.42956454681686,0
2002,Alabama,0.7311756670397132,0.25590435958585384,0.6364373991502859,39.818042583477585,5777.0,11766026.0973,73.11756670397132,25.590435958585385,63.64373991502858,0
2002,Alaska,0.7810207534936859,0.27496731745785824,0.6932577436607905,40.21033547940077,5730.0,1709926.4267,78.10207534936859,27.496731745785823,69.32577436607905,0
2002,Arizona,0.725078158700377,0.2625290388165505,0.669783566830854,39.155075116517736,4912.0,13060748.0367,72.50781587003769,26.252903881655048,66.97835668308541,0
2002,Arkansas,0.7501544543126862,0.21033901150123394,0.6857764384971025,39.782336936792206,4167.0,6598202.9396,75.01544543126862,21.033901150123395,68.57764384971024,0
2002,California,0.7267192821405517,0.29996037084455524,0.6264252379292562,39.233929633390865,27714.0,90329108.956,72.67192821405517,29.996037084455523,62.64252379292562,0
2002,Colorado,0.7827173466922869,0.35904429034321994,0.6594916751841371,39.24297986650706,7850.0,11676123.8027,78.27173466922869,35.90442903432199,65.9491675184137,0
2002,Connecticut,0.8104192526004734,0.381178886672493,0.6266725690787284,40.124956869490155,6834.0,9366465.905199999,81.04192526004735,38.117888667249304,62.66725690787284,0
2002,Delaware,0.7947763060474775,0.3040043267641535,0.6219382596877828,39.9191327229305,4819.0,2063502.7201,79.47763060474774,30.400432676415353,62.193825968778285,0
2002,District of Columbia,0.8108761325505284,0.4822938252669917,0.30933308601250475,38.36860598209837,3907.0,1572012.6323000002,81.08761325505284,48.22938252669917,30.933308601250474,0
2002,Florida,0.7489552479073278,0.28278317747802734,0.6234178728794864,39.721903627893454,15397.0,42283827.7232,74.89552479073278,28.278317747802735,62.341787287948634,0
2002,Georgia,0.751354534811018,0.2593456936252554,0.6493000173577083,39.18054150058967,5676.0,23401427.3145,75.1354534811018,25.93456936252554,64.93000173577083,0
2002,Hawaii,0.7943155614961276,0.31701442078283476,0.620517059985214,40.01552912477692,4785.0,3062033.1785,79.43155614961276,31.701442078283478,62.0517059985214,0
2002,Idaho,0.7701225961513666,0.22234131398531848,0.693252924792541,39.55240065522007,4738.0,3215751.927,77.01225961513666,22.234131398531847,69.3252924792541,0
2002,Illinois,0.7635893054910977,0.31517837236569524,0.6249367634209605,39.604589369597164,13912.0,33539216.260799997,76.35893054910977,31.517837236569523,62.49367634209605,0
2002,Indiana,0.7876373890008919,0.24908783500851664,0.6770856882821715,40.181115656398546,7055.0,16114820.6325,78.76373890008918,24.908783500851666,67.70856882821715,0
2002,Iowa,0.8486793601217186,0.27863798380094634,0.7126164160386934,39.841619903041945,6360.0,7370763.5746,84.86793601217187,27.863798380094636,71.26164160386934,0
2002,Kansas,0.7917504215810577,0.33895603778978733,0.6964418519757506,40.026048038511895,6001.0,6700062.1187,79.17504215810577,33.89560377897873,69.64418519757506,0
2002,Kentucky,0.730977401315302,0.23602076745154044,0.675522064227183,40.03762680377531,5339.0,10607007.642299999,73.0977401315302,23.602076745154044,67.5522064227183,0
2002,Louisiana,0.6893304247959369,0.2265189551353393,0.606430685687945,40.233137372457506,4143.0,10843791.0767,68.93304247959368,22.65189551353393,60.6430685687945,0
2002,Maine,0.8162186846761184,0.2883936332018694,0.6601892078317579,40.50693793501546,6317.0,3541030.5365000004,81.62186846761183,28.83936332018694,66.01892078317579,0
2002,Maryland,0.8107509715702635,0.37933776010047565,0.6068582693254015,40.10952193923225,6230.0,14351412.9892,81.07509715702635,37.933776010047566,60.68582693254015,0
2002,Massachusetts,0.7859275224967315,0.4232029730950258,0.5968817322329576,39.22418892086713,7712.0,17834533.2456,78.59275224967315,42.32029730950258,59.68817322329576,0
2002,Michigan,0.7543418889167879,0.2680597024299667,0.6426654837144465,39.977946059308096,10810.0,26733443.099200003,75.43418889167879,26.80597024299667,64.26654837144466,0
2002,Minnesota,0.8568204069009654,0.3606898616249715,0.7066030100809298,39.733795599784244,7426.0,13671155.905199999,85.68204069009654,36.068986162497154,70.66030100809299,0
2002,Mississippi,0.724087069248704,0.23659188811134477,0.6221014338177262,39.319242319482925,3866.0,7250353.995200001,72.4087069248704,23.659188811134477,62.21014338177262,0
2002,Missouri,0.8159404324058734,0.32123953414065504,0.6294638519207714,39.851388601076536,5887.0,14454774.6644,81.59404324058734,32.123953414065504,62.94638519207714,0
2002,Montana,0.7896409059240862,0.28361736885512995,0.6614638690154081,40.64433508908904,4078.0,2246312.7885,78.96409059240862,28.361736885512993,66.14638690154081,0
2002,Nebraska,0.8378237020857442,0.3138395416405717,0.6999399039482058,39.658195420277984,5892.0,4238515.383199999,83.78237020857442,31.383954164057172,69.99399039482059,0
2002,Nevada,0.7512941584249246,0.22385237736746258,0.6668039611769407,39.28030397213897,7162.0,5467162.0288,75.12941584249246,22.38523773674626,66.68039611769407,0
2002,New Hampshire,0.8069119582914326,0.3217767210711713,0.6703826782594466,40.080925142215705,6802.0,3536366.3537,80.69119582914325,32.177672107117125,67.03826782594466,0
2002,New Jersey,0.7610140282591582,0.3702475690083284,0.6490375640082572,39.69253849208131,9908.0,23555280.236300003,76.10140282591583,37.02475690083284,64.90375640082571,0
2002,New Mexico,0.7632567364255471,0.23884385624108884,0.5930930852812127,40.126993503986384,4220.0,4479874.8703000005,76.32567364255472,23.884385624108884,59.30930852812127,0
2002,New York,0.7318229887203995,0.3378918841669059,0.6022055212965797,39.80622749932966,19694.0,50135136.174600005,73.18229887203995,33.78918841669059,60.22055212965797,0
2002,North Carolina,0.765067466741364,0.25308523047344844,0.6417133060349293,39.694991366855845,7974.0,21295317.1215,76.50674667413641,25.308523047344845,64.17133060349293,0
2002,North Dakota,0.8545728658560876,0.3194526075515839,0.7195104693933427,40.17743173415845,4971.0,1597909.7310000001,85.45728658560876,31.94526075515839,71.95104693933428,0
2002,Ohio,0.7744972063618941,0.27618624185065266,0.6382428755595592,39.85290928137462,12158.0,30283061.5108,77.44972063618941,27.618624185065265,63.82428755595592,0
2002,Oklahoma,0.7664798243174915,0.24272518759793463,0.6627994647498493,39.724604772930746,4675.0,8318655.6306,76.64798243174916,24.272518759793464,66.27994647498492,0
2002,Oregon,0.778294260293007,0.29397964179535274,0.6418116240249669,39.560004654815245,6102.0,9401594.183600001,77.82942602930069,29.397964179535276,64.1811624024967,0
2002,Pennsylvania,0.7733857751490544,0.30042652476697035,0.6560840164120428,40.31893989594349,13517.0,31665473.182099998,77.33857751490544,30.042652476697036,65.60840164120428,0
2002,Rhode Island,0.7881663164422014,0.3248167824566454,0.5971518366148632,39.77152145300949,6640.0,2751416.5307,78.81663164422014,32.48167824566454,59.715183661486314,0
2002,South Carolina,0.7734006785671844,0.2704394035417985,0.6170136514702249,40.13827342303316,4523.0,9998046.2288,77.34006785671845,27.043940354179853,61.70136514702249,0
2002,South Dakota,0.8764396718239421,0.2782062538024611,0.7183165999774255,40.167916041491,5650.0,1850988.0208,87.6439671823942,27.82062538024611,71.83165999774255,0
2002,Tennessee,0.731891966927392,0.2601692941334553,0.6573994350134745,39.75682167984002,4907.0,15458781.5572,73.1891966927392,26.01692941334553,65.73994350134745,0
2002,Texas,0.7252026200202428,0.2675942994074537,0.6631884018281744,38.872595156324415,16099.0,54705852.7174,72.52026200202428,26.75942994074537,66.31884018281744,0
2002,Utah,0.7172808383050481,0.261730183501688,0.7360700966354787,38.347301154307004,5047.0,5164128.1201,71.7280838305048,26.173018350168796,73.60700966354787,0
2002,Vermont,0.8381093783760688,0.3495561157113525,0.6385971753895546,40.39521994679636,5949.0,1760474.903,83.81093783760689,34.95561157113525,63.859717538955465,0
2002,Virginia,0.7927074720139345,0.36067804168807027,0.6428927190343083,39.77125040578721,6890.0,19440138.7819,79.27074720139345,36.06780416880703,64.28927190343083,0
2002,Washington,0.7564593920990251,0.32108243396507874,0.63303865291278,39.83826210771105,6742.0,15706028.3181,75.64593920990251,32.10824339650787,63.30386529127801,0
2002,West Virginia,0.6856869191714944,0.19528882535715494,0.7059897089524452,40.37785119559954,5244.0,4385064.568,68.56869191714944,19.528882535715493,70.59897089524452,0
2002,Wisconsin,0.8254095338563621,0.2840193469136444,0.6811617911901887,40.02485247354209,7316.0,13888721.2782,82.5409533856362,28.40193469136444,68.11617911901887,0
2002,Wyoming,0.8072126152563637,0.23058222082042473,0.7096053384058758,40.16562523212779,5121.0,1287831.8959,80.72126152563636,23.058222082042473,70.96053384058759,0
2003,Alabama,0.7330057076051759,0.2546228049636909,0.6543862087448872,39.68982672104738,5446.0,11828092.241500001,73.30057076051759,25.46228049636909,65.43862087448872,0
2003,Alaska,0.7978645272911896,0.2966339345749728,0.6895288007458966,40.54390464409839,5663.0,1678415.5495,79.78645272911896,29.66339345749728,68.95288007458966,0
2003,Arizona,0.7166487369462652,0.28135619507847515,0.6423333875962338,39.423838282142974,5057.0,13531002.3191,71.66487369462652,28.135619507847515,64.23333875962338,0
2003,Arkansas,0.7188912945244471,0.20879927419661348,0.6893328243246667,39.48814702476227,3956.0,6594333.2988,71.8891294524447,20.87992741966135,68.93328243246667,0
2003,California,0.7189327031360432,0.31094304586868055,0.6343775125218938,39.43045865230799,26794.0,94560495.2851,71.89327031360432,31.094304586868056,63.43775125218938,0
2003,Colorado,0.7793200663686585,0.3683895947509162,0.6631868142765981,39.424779151665305,8061.0,12176360.8099,77.93200663686585,36.83895947509162,66.31868142765981,0
2003,Connecticut,0.7993964874092921,0.3884393578642149,0.6429794606281232,40.15850350253698,6712.0,8967321.45,79.93964874092921,38.84393578642149,64.29794606281231,0
2003,Delaware,0.7873576551219542,0.30189489523550933,0.6147290787971506,39.75648012697309,4870.0,2140260.3078,78.73576551219543,30.189489523550932,61.47290787971505,0
2003,District of Columbia,0.8075185444283147,0.5127586237729135,0.2975385382999609,37.788204798380455,3921.0,1691191.1609,80.75185444283147,51.27586237729135,29.75385382999609,0
2003,Florida,0.7445704156986693,0.28553229525650486,0.6210414266978382,40.14401371695326,15231.0,41573485.104499996,74.45704156986693,28.553229525650487,62.104142669783826,0
2003,Georgia,0.751592025235012,0.29218719095273976,0.6296859786880213,39.28587296393884,5596.0,23530263.906099997,75.15920252350121,29.218719095273975,62.968597868802135,0
2003,Hawaii,0.7914985507620488,0.3403892977180818,0.6388877489507823,39.28735573026114,4647.0,3034112.0976,79.14985507620487,34.03892977180818,63.88877489507823,0
2003,Idaho,0.7787841518400085,0.24946216127584075,0.7007322061129504,39.15648310865434,4422.0,3144235.017,77.87841518400084,24.946216127584076,70.07322061129504,0
2003,Illinois,0.7668090331657389,0.32582004172669504,0.6341473809137028,39.53958173698785,13410.0,33228506.3375,76.68090331657389,32.58200417266951,63.41473809137028,0
2003,Indiana,0.7878891509455814,0.24418447783297703,0.6759237399841168,39.62929514574372,7179.0,16142417.8653,78.78891509455815,24.418447783297704,67.59237399841169,0
2003,Iowa,0.8324603992798544,0.30112521822266336,0.6961267709496108,40.13540436999895,6270.0,7401684.1909,83.24603992798544,30.112521822266338,69.61267709496109,0
2003,Kansas,0.7968854102133777,0.33978011427652893,0.6979385585225857,39.775086082146096,6216.0,6833921.2217999995,79.68854102133777,33.978011427652895,69.79385585225857,0
2003,Kentucky,0.7308678142805686,0.23705262704333963,0.6792144603710729,39.91836246480693,5117.0,10681764.7169,73.08678142805685,23.70526270433396,67.92144603710729,0
2003,Louisiana,0.7144057799406914,0.21003150824855712,0.6067305927216129,39.85320519543723,4097.0,11548959.611000001,71.44057799406914,21.003150824855712,60.67305927216129,0
2003,Maine,0.8038553155432827,0.2807173246004378,0.6486937686528498,40.3803851965852,6293.0,3328157.5154999997,80.38553155432827,28.07173246004378,64.86937686528498,0
2003,Maryland,0.80102457378528,0.38938475620559004,0.6130226964864318,39.87286493582341,6051.0,14839427.6317,80.102457378528,38.938475620559004,61.30226964864318,0
2003,Massachusetts,0.795586290459864,0.44093507754921346,0.6009367784785203,39.54390351862878,7625.0,17466863.485,79.5586290459864,44.09350775492135,60.093677847852035,0
2003,Michigan,0.7507490727466507,0.245388045630392,0.6205054309595556,39.9473356613199,10719.0,25894394.9526,75.07490727466507,24.5388045630392,62.050543095955554,0
2003,Minnesota,0.8456477391519275,0.3695362318781381,0.7025372859671103,40.07003747975111,7267.0,13379616.1174,84.56477391519275,36.95362318781381,70.25372859671103,0
2003,Mississippi,0.7224183517164583,0.22132588298324835,0.6093889759055212,39.42522449520198,3793.0,7289707.6666,72.24183517164583,22.132588298324833,60.93889759055212,0
2003,Missouri,0.8093924440693305,0.31276589099045654,0.6417511958746871,39.64377209688553,5664.0,14179292.328699999,80.93924440693306,31.276589099045655,64.17511958746871,0
2003,Montana,0.7770781237234854,0.29307516109121534,0.6704732673364822,40.65516688719358,4025.0,2256954.9611,77.70781237234854,29.307516109121533,67.04732673364822,0
2003,Nebraska,0.8305063410870941,0.30949794497097854,0.7167678209097179,39.99901877563661,5891.0,4330870.8574,83.0506341087094,30.949794497097855,71.67678209097178,0
2003,Nevada,0.7527324099442295,0.23631970114552814,0.6417317705994041,39.3486117870126,7232.0,5344719.5692,75.27324099442295,23.631970114552814,64.17317705994041,0
2003,New Hampshire,0.7957060304744166,0.3647383650656366,0.6992793759982904,40.284117117319234,6957.0,3481857.7428,79.57060304744165,36.473836506563664,69.92793759982904,0
2003,New Jersey,0.7575211302290054,0.3878818389172917,0.6534470641051319,40.012970610108816,9681.0,22632665.1204,75.75211302290053,38.78818389172917,65.34470641051318,0
2003,New Mexico,0.739648203646126,0.24456792708425348,0.5832542640304247,39.59608348446532,4230.0,4750161.1816,73.9648203646126,24.456792708425347,58.32542640304247,0
2003,New York,0.7354512518789292,0.34198256926245163,0.5835154393089189,39.696529748313914,18725.0,51220815.6725,73.54512518789292,34.198256926245165,58.35154393089189,0
2003,North Carolina,0.7586822347040008,0.27195250292948575,0.6420921962214499,39.43139259518717,7992.0,21791317.1148,75.86822347040008,27.195250292948575,64.20921962214499,0
2003,North Dakota,0.845836228728513,0.31272805811562004,0.7295614184530497,39.88900641120622,4820.0,1573969.2283,84.58362287285131,31.272805811562005,72.95614184530497,0
2003,Ohio,0.7668906075815844,0.2818496588136721,0.6417840952467063,39.939713446687314,11714.0,29398844.895099998,76.68906075815845,28.18496588136721,64.17840952467063,0
2003,Oklahoma,0.7435582519085466,0.26925060449326316,0.6900413761411098,39.567623223855406,4414.0,8501780.025,74.35582519085466,26.925060449326317,69.00413761411099,0
2003,Oregon,0.7698784790130173,0.2799956313726021,0.6752892650381569,39.83048468468781,5918.0,9101036.1787,76.98784790130173,27.999563137260207,67.52892650381568,0
2003,Pennsylvania,0.7595207628336551,0.3107494093259838,0.6601633134560277,40.153917559897266,13290.0,31448204.960699998,75.95207628336551,31.074940932598384,66.01633134560278,0
2003,Rhode Island,0.7882975786086039,0.32409112666107065,0.6064581606751056,39.66548048824027,6586.0,2815332.5776,78.8297578608604,32.40911266610706,60.64581606751056,0
2003,South Carolina,0.7721440289384939,0.27484157705856677,0.5944535698355314,39.792948965227154,4532.0,10466791.2835,77.21440289384938,27.484157705856678,59.44535698355315,0
2003,South Dakota,0.865750693957877,0.2794995502874421,0.7194157687149212,39.721433181603615,5367.0,1816696.4336,86.5750693957877,27.94995502874421,71.94157687149212,0
2003,Tennessee,0.7268379559262482,0.2921844251405549,0.6410450351663525,39.89782683507301,4940.0,15847603.8484,72.68379559262482,29.218442514055493,64.10450351663525,0
2003,Texas,0.7297668082892957,0.26074637528994166,0.6625813194075406,39.108319702151704,16144.0,56151097.0671,72.97668082892957,26.074637528994167,66.25813194075405,0
2003,Utah,0.7433936250448628,0.26201446417574104,0.7250559151756524,38.1740358245604,5087.0,5653266.9586,74.33936250448629,26.201446417574104,72.50559151756524,0
2003,Vermont,0.8323553550749133,0.38522149826523827,0.6491739549821421,40.49396060821386,5815.0,1677614.561,83.23553550749133,38.52214982652383,64.91739549821422,0
2003,Virginia,0.780067049170536,0.3659010994548503,0.6524183738755712,40.0269949188569,6681.0,19901583.5294,78.00670491705361,36.590109945485025,65.24183738755713,0
2003,Washington,0.7524872012431462,0.3149347543337181,0.6403615839384788,39.739221382641645,6709.0,15795418.4581,75.24872012431462,31.49347543337181,64.03615839384787,0
2003,West Virginia,0.6677856299159406,0.19271968569123024,0.668982456591436,40.06041978780706,5280.0,4484236.6985,66.77856299159406,19.271968569123025,66.8982456591436,0
2003,Wisconsin,0.8341417983483865,0.2911100034450042,0.6709145013453461,40.13347225836542,7376.0,14011085.6241,83.41417983483865,29.11100034450042,67.09145013453461,0
2003,Wyoming,0.8141008638047742,0.22591172442839536,0.7174733829237286,40.32444714620923,4806.0,1261544.4746,81.41008638047742,22.591172442839536,71.74733829237286,0
2004,Alabama,0.7267737214860888,0.2344669847655865,0.6592760101635915,40.06672181874132,5087.0,11972451.7612,72.67737214860888,23.44669847655865,65.92760101635915,0
2004,Alaska,0.7599390347542733,0.2942178251680633,0.6764103400088519,40.06345756342056,5544.0,1668445.4034,75.99390347542733,29.421782516806328,67.64103400088518,0
2004,Arizona,0.7031652196218442,0.28049925756860383,0.6236118621457695,39.272391457033216,5003.0,14268233.7454,70.31652196218442,28.049925756860382,62.361186214576946,0
2004,Arkansas,0.7340026380872061,0.20174876592802932,0.6735548616857738,39.542230536440954,3978.0,6580504.981,73.40026380872061,20.17487659280293,67.35548616857739,0
2004,California,0.7173491857278008,0.3156911699974664,0.6347242406293898,39.468695305588284,26462.0,92515175.76920001,71.73491857278009,31.569116999746637,63.472424062938984,1
2004,Colorado,0.7831710447620053,0.3816284377881931,0.6448283028959071,39.4215532302128,7877.0,12168173.954,78.31710447620053,38.16284377881931,64.48283028959071,0
2004,Connecticut,0.7812280150132206,0.3865569136083198,0.6357574376727405,40.465422240229294,7319.0,9091792.4812,78.12280150132206,38.65569136083198,63.57574376727405,0
2004,Delaware,0.772845238422336,0.30733353390760787,0.6014318885294132,39.998895978893515,5056.0,2150444.9381,77.2845238422336,30.733353390760787,60.14318885294132,0
2004,District of Columbia,0.7932075434877424,0.48216908903453826,0.32209791387921066,37.92222453654396,4114.0,1631670.763,79.32075434877423,48.21690890345383,32.209791387921065,0
2004,Florida,0.7555315381149028,0.2877384578830322,0.6272003842303205,40.212091854752025,14419.0,42528169.3922,75.55315381149028,28.77384578830322,62.72003842303205,0
2004,Georgia,0.7481808868162244,0.3124426630761221,0.6184406403397974,39.3831357191143,6185.0,23792159.270800002,74.81808868162244,31.24426630761221,61.84406403397974,0
2004,Hawaii,0.8040579493344383,0.34977718898002264,0.6549570867659508,40.03908889684969,4877.0,3069589.6014,80.40579493344383,34.977718898002266,65.49570867659507,0
2004,Idaho,0.7659612323223944,0.24446235131188943,0.7069931823988513,39.52633734486385,4098.0,3311656.9609000003,76.59612323223945,24.446235131188942,70.69931823988513,0
2004,Illinois,0.7700799258207959,0.32895817683940304,0.6401388615708078,39.502112605894034,12529.0,32516544.9428,77.00799258207958,32.8958176839403,64.01388615708078,0
2004,Indiana,0.773804951701286,0.24482858762389373,0.6584679427064648,39.78182095819472,6643.0,15965388.8136,77.38049517012861,24.482858762389373,65.84679427064648,0
2004,Iowa,0.8366785655920314,0.29387849541605693,0.7026019440752985,40.160191403362234,6066.0,7291417.3906000005,83.66785655920313,29.387849541605693,70.26019440752985,0
2004,Kansas,0.8118182075828131,0.3243264524427497,0.7005703741279959,39.95293589988926,6057.0,6880627.0435,81.1818207582813,32.43264524427497,70.05703741279959,0
2004,Kentucky,0.7199616826167423,0.24902177522870816,0.6805414731288512,39.53589427458813,5108.0,10466102.1684,71.99616826167423,24.902177522870815,68.05414731288512,0
2004,Louisiana,0.707071882362837,0.2355428356423284,0.5874825029865157,40.02128053311092,3990.0,11457847.6596,70.7071882362837,23.55428356423284,58.74825029865157,0
2004,Maine,0.794294877561516,0.28761071505199143,0.6379440916638832,40.33860229985769,6424.0,3332077.2525,79.4294877561516,28.761071505199144,63.79440916638832,0
2004,Maryland,0.7883874336126777,0.38005354209872216,0.6026165181045929,40.0994381886622,6828.0,15064403.884999998,78.83874336126777,38.005354209872216,60.26165181045929,0
2004,Massachusetts,0.7896321071986666,0.40963085401677324,0.571047270191974,39.79664587141595,6918.0,17230507.492999997,78.96321071986667,40.963085401677326,57.1047270191974,0
2004,Michigan,0.7549248240197988,0.26343469319632856,0.6400945001179114,39.9549765377853,10383.0,26326479.744000003,75.49248240197987,26.343469319632856,64.00945001179113,0
2004,Minnesota,0.8276497378436144,0.3662388284357364,0.7076585807692969,40.316987860542106,7499.0,13603117.828000002,82.76497378436144,36.62388284357364,70.76585807692969,0
2004,Mississippi,0.7400613599417888,0.24302343346638317,0.6123374513749064,39.17065126657537,3798.0,7444660.224299999,74.00613599417888,24.302343346638317,61.23374513749064,0
2004,Missouri,0.7994243815375558,0.29250098562829335,0.6437248073459358,39.64704749147293,5654.0,14298964.7779,79.94243815375557,29.250098562829336,64.37248073459358,0
2004,Montana,0.8095286487608179,0.2889090933674327,0.6654377132691908,40.83428109057888,3743.0,2308644.1459000004,80.95286487608179,28.89090933674327,66.54377132691907,0
2004,Nebraska,0.8503355912578294,0.3108797068807876,0.7388518809517252,40.27448591871193,5664.0,4368957.0446,85.03355912578294,31.08797068807876,73.88518809517251,0
2004,Nevada,0.7415174669544893,0.2288805304535183,0.6329955878792815,39.37290256611198,6315.0,5769460.5211,74.15174669544894,22.888053045351832,63.29955878792815,0
2004,New Hampshire,0.7923479836533757,0.3780366370453952,0.6934105952709373,40.24630536478771,7153.0,3480276.5459,79.23479836533757,37.80366370453952,69.34105952709373,0
2004,New Jersey,0.7442895131897578,0.3876873743069671,0.6618689738424403,40.29854620152997,8873.0,22210430.514,74.42895131897578,38.76873743069671,66.18689738424402,0
2004,New Mexico,0.7315078549444267,0.2562896601484988,0.5976762945307081,39.821924169716794,3911.0,4604651.9154,73.15078549444267,25.62896601484988,59.76762945307081,0
2004,New York,0.739585375291746,0.3416452956021187,0.5704718597011822,39.663752055675396,17283.0,50570692.524100006,73.95853752917459,34.16452956021187,57.04718597011822,0
2004,North Carolina,0.7472035519719523,0.27668534160380287,0.6432511985038373,39.468114023960695,7792.0,21479194.516599998,74.72035519719523,27.668534160380286,64.32511985038373,0
2004,North Dakota,0.8558489455938714,0.3167358204245906,0.7135722526173904,40.37286111791547,4712.0,1523605.0288,85.58489455938714,31.67358204245906,71.35722526173905,0
2004,Ohio,0.7607808871746075,0.2622726840360636,0.636471741196834,40.10309822521615,10945.0,29298157.731300004,76.07808871746074,26.227268403606356,63.647174119683406,0
2004,Oklahoma,0.7324846921195007,0.2602438775965982,0.6814598412531349,39.661602944864775,4023.0,8513912.5568,73.24846921195007,26.024387759659824,68.14598412531349,0
2004,Oregon,0.7542232929171265,0.3099347562032525,0.6498657714534304,39.46733574958367,5430.0,9351730.7762,75.42232929171266,30.99347562032525,64.98657714534303,0
2004,Pennsylvania,0.7721459766154043,0.30967925864722917,0.651249623178531,40.35720692905594,12788.0,31564959.0754,77.21459766154042,30.96792586472292,65.12496231785309,0
2004,Rhode Island,0.7762067166808037,0.3325981552445104,0.5952807937964759,39.90779516089685,6617.0,2845032.1518,77.62067166808036,33.25981552445104,59.52807937964759,0
2004,South Carolina,0.7743973888483122,0.24992438240725856,0.614395443211286,40.05144307537921,4630.0,10657595.2868,77.43973888483123,24.992438240725857,61.4395443211286,0
2004,South Dakota,0.8539900607774172,0.31179008364197985,0.7001480600245037,40.38749830490638,5252.0,1780811.6734,85.39900607774172,31.179008364197987,70.01480600245037,0
2004,Tennessee,0.7247311699712138,0.28483715633129636,0.6525075345923586,39.90829713329267,4755.0,15406432.853500001,72.47311699712138,28.483715633129634,65.25075345923585,0
2004,Texas,0.7265322361853768,0.2666528100236353,0.6588578802099148,39.12634226751031,16553.0,56471797.5504,72.65322361853768,26.66528100236353,65.88578802099147,0
2004,Utah,0.73717979651184,0.2810756725385943,0.7206400029817933,38.158807888166145,4884.0,5589001.4668000005,73.717979651184,28.10756725385943,72.06400029817934,0
2004,Vermont,0.8181825702882105,0.39734898884007175,0.6504034110070338,40.633578244606525,5519.0,1619886.8737,81.81825702882105,39.73489888400717,65.04034110070339,0
2004,Virginia,0.7636532593821994,0.36894044793124997,0.6564302965905736,39.896914748656926,6696.0,19659028.187799998,76.36532593821994,36.894044793125,65.64302965905736,0
2004,Washington,0.76048268586541,0.31889088327517945,0.671391738723098,39.91904838661712,6791.0,16425675.596,76.048268586541,31.889088327517946,67.1391738723098,0
2004,West Virginia,0.6743172620205212,0.20020788566358158,0.6553217602508878,40.35158470753434,4906.0,4425342.8743,67.43172620205212,20.020788566358156,65.53217602508879,0
2004,Wisconsin,0.8334760730357702,0.3026480356631667,0.6711390444891825,39.813456177640155,7060.0,14025103.9654,83.34760730357702,30.264803566316672,67.11390444891825,0
2004,Wyoming,0.8120879954833342,0.2360843841462937,0.7261216942583223,40.49763628353328,4774.0,1232701.3375,81.20879954833342,23.608438414629372,72.61216942583223,0
2005,Alabama,0.7112836275333848,0.24309680087583352,0.631273528646929,40.210221892557115,4412.0,12104829.63,71.12836275333848,24.309680087583352,63.127352864692895,0
2005,Alaska,0.7740519198906023,0.3167428068199949,0.6779209738084758,40.36038090898219,5177.0,1716981.9420999999,77.40519198906023,31.67428068199949,67.79209738084758,0
2005,Arizona,0.7053653755005846,0.2786151865634944,0.6110800852904096,39.21385896118841,4632.0,14335165.067499999,70.53653755005847,27.86151865634944,61.10800852904096,0
2005,Arkansas,0.7625909861656847,0.21873375061336522,0.6786579258535597,39.83253140504955,3924.0,6757796.2306,76.25909861656847,21.87337506133652,67.86579258535596,0
2005,California,0.7038985826107191,0.323513285397677,0.6219233083443354,39.41259539079846,28874.0,92244811.7737,70.38985826107191,32.3513285397677,62.19233083443354,1
2005,Colorado,0.7757657102964645,0.3803913889578732,0.6475989120811281,39.47630343483274,7642.0,12300679.0538,77.57657102964644,38.039138895787325,64.7598912081128,0
2005,Connecticut,0.7730960882286674,0.39604144581635187,0.6193324163406564,40.34475401106297,7914.0,9277011.9989,77.30960882286674,39.60414458163519,61.93324163406564,0
2005,Delaware,0.7865500760216575,0.3079502563045908,0.5909410530634625,39.953299903756175,5514.0,2191873.8104,78.65500760216575,30.795025630459076,59.09410530634624,0
2005,District of Columbia,0.8035776198106783,0.5252149985059588,0.3093916925205956,37.91651826568026,4630.0,1561549.5373,80.35776198106784,52.52149985059587,30.93916925205956,0
2005,Florida,0.7561553993549901,0.2956131423852409,0.6157855761872413,40.22322859021578,14566.0,43777502.3251,75.61553993549902,29.56131423852409,61.578557618724126,0
2005,Georgia,0.7611090328277602,0.30356209299880826,0.6030788327939861,39.349830354172916,7462.0,23880872.9021,76.11090328277602,30.356209299880828,60.30788327939861,0
2005,Hawaii,0.8077901793627199,0.3493346678106806,0.6475772759410315,40.34862805249014,5497.0,3201785.2347999997,80.77901793627198,34.93346678106806,64.75772759410316,0
2005,Idaho,0.7593410165707781,0.23527387434052224,0.7072848091957952,40.13180395484906,4090.0,3439081.5664,75.93410165707782,23.527387434052223,70.72848091957951,0
2005,Illinois,0.7533637046198051,0.3489268262790973,0.651291117444447,39.66489417142904,11330.0,32452801.966399997,75.33637046198051,34.892682627909736,65.1291117444447,0
2005,Indiana,0.7578331667394557,0.24563650878872836,0.6566887660451447,39.967503033215536,6097.0,16120998.878899999,75.78331667394556,24.563650878872835,65.66887660451447,0
2005,Iowa,0.8454490467387268,0.3019567179186988,0.6922988409595536,40.27761788667445,6276.0,7309677.462099999,84.54490467387268,30.195671791869884,69.22988409595536,0
2005,Kansas,0.79559987107414,0.3368544974406025,0.6884967600608932,39.8792949372908,5153.0,6634670.8044,79.559987107414,33.68544974406025,68.84967600608933,0
2005,Kentucky,0.731688407805919,0.24410319127450766,0.6304979221345202,40.04781764531551,5186.0,10559802.0724,73.1688407805919,24.410319127450766,63.049792213452015,0
2005,Louisiana,0.751647400836762,0.2461068020233704,0.5799866643891746,39.87530612533167,3487.0,11457779.1748,75.1647400836762,24.61068020233704,57.99866643891745,0
2005,Maine,0.7966500652676042,0.3054508310830506,0.646148454736889,40.749726192369074,6801.0,3364052.6996,79.66500652676042,30.54508310830506,64.6148454736889,0
2005,Maryland,0.7927732398807545,0.3896937404353347,0.5915869739404609,39.88248349891643,8112.0,15344610.6153,79.27732398807545,38.96937404353347,59.15869739404609,0
2005,Massachusetts,0.7700514304391033,0.43499533754338054,0.5942001427227173,40.16579353178461,5976.0,17241155.052500002,77.00514304391032,43.49953375433805,59.42001427227173,0
2005,Michigan,0.7570780633322668,0.28690038919559396,0.6442614504849733,39.90622079724022,9511.0,25949720.467699997,75.70780633322669,28.690038919559395,64.42614504849733,0
2005,Minnesota,0.8303748992106653,0.3575086831738949,0.6871256567293501,40.20862821769854,8336.0,13446369.2843,83.03748992106654,35.75086831738949,68.71256567293501,0
2005,Mississippi,0.7607746613093185,0.23411231542281757,0.5919599508170127,39.34226781989791,3414.0,7123122.2491999995,76.07746613093185,23.411231542281758,59.19599508170127,0
2005,Missouri,0.7909150973080071,0.29584051657982696,0.6324038512136172,39.71037937063474,6316.0,14945093.085,79.09150973080071,29.584051657982695,63.24038512136172,0
2005,Montana,0.8079601393463068,0.29696025755213135,0.6618462385917645,40.99863645955014,3373.0,2203970.9202,80.79601393463068,29.696025755213135,66.18462385917645,0
2005,Nebraska,0.8402029437721903,0.3274560213215985,0.7098666509953359,40.056126192218684,5134.0,4242063.0242,84.02029437721903,32.74560213215985,70.98666509953358,0
2005,Nevada,0.7375143043603305,0.24218079190609534,0.6081939893981227,39.08841748201837,5435.0,6138154.676099999,73.75143043603305,24.218079190609533,60.819398939812274,0
2005,New Hampshire,0.8123701678941194,0.3843123684481706,0.6924953830661387,40.54117679992722,7471.0,3474424.7441,81.23701678941194,38.431236844817064,69.24953830661387,0
2005,New Jersey,0.748225577863086,0.4100578473800111,0.6608781719321384,40.34244567116777,7734.0,22332815.2589,74.8225577863086,41.00578473800111,66.08781719321384,0
2005,New Mexico,0.7309941486253059,0.2729521086100902,0.5909745817782951,39.855434739206395,3518.0,4748640.5934,73.0994148625306,27.29521086100902,59.09745817782951,0
2005,New York,0.7325133448231967,0.3466883245410377,0.5707301095773265,39.79415993207335,15902.0,49645316.0137,73.25133448231968,34.66883245410377,57.07301095773265,0
2005,North Carolina,0.7499639584022348,0.2868526645261896,0.6267833260256881,39.52424310647161,7388.0,22191762.424500003,74.99639584022349,28.68526645261896,62.67833260256881,0
2005,North Dakota,0.8684223923973399,0.34826857685595214,0.7105962698357411,40.86711878623886,4280.0,1535955.846,86.84223923973398,34.826857685595215,71.0596269835741,0
2005,Ohio,0.782647855217462,0.26223245015531027,0.6235810117596741,40.28045812180326,10368.0,29530332.587800004,78.2647855217462,26.223245015531027,62.358101175967406,0
2005,Oklahoma,0.7412596325596102,0.2655098687097993,0.6599754867593872,39.53664792707865,4162.0,8686536.4463,74.12596325596103,26.55098687097993,65.99754867593872,0
2005,Oregon,0.7688700780924511,0.3279283046333776,0.6227945911483123,39.72665294199973,4866.0,9192750.6818,76.8870078092451,32.79283046333776,62.279459114831226,0
2005,Pennsylvania,0.7721041510650664,0.3084364670988055,0.6296601766522277,40.30578000263876,11227.0,30903223.8657,77.21041510650663,30.843646709880552,62.96601766522277,0
2005,Rhode Island,0.7876423847955945,0.32566465794410715,0.5970519077881395,40.20649422044167,6360.0,2858457.7328,78.76423847955945,32.56646579441072,59.70519077881396,0
2005,South Carolina,0.7561171945172713,0.25212185205470844,0.6111502300630427,39.81213246999548,4742.0,11128748.0777,75.61171945172714,25.212185205470846,61.11502300630427,0
2005,South Dakota,0.8436585520108463,0.279213697199775,0.6951696367004921,40.101208280654895,5240.0,1818078.3174,84.36585520108463,27.921369719977502,69.51696367004921,0
2005,Tennessee,0.733966917144333,0.2749849998533442,0.6364573580025152,39.53900080188739,4902.0,14895538.032200001,73.3966917144333,27.49849998533442,63.64573580025152,0
2005,Texas,0.7323497041435353,0.25620909159800376,0.6472144864335987,39.039629056682614,17822.0,57992533.0246,73.23497041435353,25.620909159800377,64.72144864335986,0
2005,Utah,0.7293282316502514,0.27558224669152365,0.7390641013305579,38.35022836877204,4732.0,5776387.4771,72.93282316502514,27.558224669152366,73.90641013305579,0
2005,Vermont,0.8308462182122919,0.39592321229566824,0.6458802962096948,40.72983995118415,5211.0,1636217.4789999998,83.08462182122919,39.59232122956682,64.58802962096948,0
2005,Virginia,0.7701511420694055,0.3797595128168189,0.6415263391979888,39.986241160697126,7733.0,19514690.9699,77.01511420694055,37.975951281681894,64.15263391979889,0
2005,Washington,0.7634121439848117,0.33327837792425347,0.670114904900459,40.051064402011164,6732.0,16894261.7699,76.34121439848117,33.32783779242535,67.0114904900459,0
2005,West Virginia,0.7077442027355507,0.19407903949159735,0.6557534898046343,40.426969581127324,4134.0,4455372.7799,70.77442027355507,19.407903949159735,65.57534898046343,0
2005,Wisconsin,0.836634011369601,0.28647162377727986,0.6630762411482132,39.99128781329923,6807.0,13859140.7929,83.6634011369601,28.647162377727987,66.30762411482132,0
2005,Wyoming,0.8049960450173635,0.21109128203928904,0.710846149477595,40.40371410350219,4338.0,1239952.9785,80.49960450173636,21.109128203928904,71.08461494775949,0
2006,Alabama,0.7112695288548401,0.24353326321430793,0.5951748904026432,39.74526882067206,3946.0,11596730.497200001,71.126952885484,24.353326321430792,59.517489040264316,0
2006,Alaska,0.7636404504502601,0.30896509055883636,0.6680437102223749,40.32768072411693,5059.0,1742757.0271,76.364045045026,30.896509055883637,66.80437102223749,0
2006,Arizona,0.7113869356106419,0.25399175636367294,0.6055253090430848,39.55704925187624,4674.0,15178523.8013,71.13869356106419,25.399175636367293,60.552530904308476,0
2006,Arkansas,0.7497039652184879,0.24592597061068108,0.6539658987205198,40.05359391189413,3658.0,6932814.328500001,74.9703965218488,24.59259706106811,65.39658987205198,0
2006,California,0.7157259027816443,0.32233885272254437,0.61744096310891,39.446792911903835,29788.0,91674066.78379999,71.57259027816443,32.23388527225444,61.744096310890995,1
2006,Colorado,0.7862274971092292,0.3885049903507849,0.661513831023458,39.607764045302005,7687.0,12554722.4634,78.62274971092292,38.85049903507849,66.15138310234579,0
2006,Connecticut,0.7712511617174606,0.4054193459206764,0.6248408268474923,40.438927832529885,7974.0,9315350.5421,77.12511617174606,40.54193459206764,62.48408268474923,0
2006,Delaware,0.7825319999996339,0.2905438404608857,0.6133160164071383,39.74191719506335,5581.0,2210766.7128,78.25319999996339,29.054384046088572,61.33160164071383,0
2006,District of Columbia,0.8027046541615765,0.5278016355913632,0.32530340993625984,37.988787589901996,4921.0,1581927.9303000001,80.27046541615765,52.78016355913632,32.530340993625984,0
2006,Florida,0.7698524255655723,0.3088043895505619,0.5965434490669618,40.185990749830815,14540.0,45225168.836899996,76.98524255655724,30.88043895505619,59.654344906696174,0
2006,Georgia,0.7508469200490231,0.3055525354128377,0.5966710191915383,39.500803037047916,8173.0,24981450.048800003,75.08469200490231,30.555253541283772,59.66710191915383,0
2006,Hawaii,0.7921657591079957,0.34903238665763986,0.6223186406881993,40.154737887648274,5358.0,3268894.5020999997,79.21657591079956,34.903238665763986,62.23186406881993,0
2006,Idaho,0.7550214223822235,0.25169444712367545,0.7212541157384929,39.80279109150712,4118.0,3660426.3794,75.50214223822235,25.169444712367543,72.12541157384929,0
2006,Illinois,0.7622989321835605,0.3601023370175213,0.6408428412243771,39.901472491694406,10731.0,32598642.4932,76.22989321835605,36.01023370175213,64.08428412243771,0
2006,Indiana,0.747401782711592,0.24452064310523822,0.6600755258655403,40.24041612354836,5612.0,16280600.3904,74.7401782711592,24.45206431052382,66.00755258655403,0
2006,Iowa,0.8492878676163151,0.30998226739190626,0.6832718691936269,40.146659399510916,6388.0,7265875.0094,84.92878676163151,30.998226739190628,68.32718691936269,0
2006,Kansas,0.8024091884543185,0.36163812838983034,0.6991057853272394,39.586213636086995,4821.0,6599361.2046,80.24091884543185,36.163812838983034,69.91057853272395,0
2006,Kentucky,0.7249396413399517,0.25149558191799676,0.6315178948172707,40.00701068684166,5107.0,10634367.371399999,72.49396413399516,25.149558191799677,63.15178948172707,0
2006,Louisiana,0.7150132513260343,0.24746739343547217,0.5742524884528006,39.74403732124965,3287.0,10581624.5209,71.50132513260343,24.746739343547215,57.425248845280066,0
2006,Maine,0.7912190657200442,0.301166025223172,0.6650725393395968,41.03194291003031,6592.0,3340502.7375000003,79.12190657200442,30.116602522317198,66.50725393395967,0
2006,Maryland,0.8035940530266965,0.38275305435121637,0.5896863793665504,39.929291613038735,8592.0,15026222.395399999,80.35940530266966,38.27530543512164,58.96863793665504,0
2006,Massachusetts,0.7601380791876137,0.443794143954947,0.6054147775416787,40.069795703125685,5507.0,17154135.2244,76.01380791876137,44.3794143954947,60.54147775416787,0
2006,Michigan,0.7468231608309653,0.3033513175712678,0.6428183948539503,40.08374370032924,8932.0,26167644.2847,74.68231608309654,30.33513175712678,64.28183948539503,0
2006,Minnesota,0.8545834499613274,0.37746211176207367,0.6869162484343618,39.92043166926757,8162.0,13003750.476799998,85.45834499613274,37.74621117620737,68.69162484343619,0
2006,Mississippi,0.738660276979342,0.2250497997957968,0.5652559547306564,39.42301620908638,3118.0,6863753.947799999,73.8660276979342,22.50497997957968,56.525595473065636,0
2006,Missouri,0.8027919090098644,0.30830449651328495,0.6264926709896735,39.558817229544346,5965.0,14683056.423099998,80.27919090098644,30.830449651328497,62.64926709896736,0
2006,Montana,0.7901776759003344,0.3074126101558897,0.6613323988721015,40.38085131093326,3321.0,2276212.4252000004,79.01776759003344,30.74126101558897,66.13323988721015,0
2006,Nebraska,0.8245668410103545,0.30768567898180993,0.6887264563880257,40.116038612359056,4904.0,4254895.3134,82.45668410103545,30.768567898180994,68.87264563880257,0
2006,Nevada,0.7598122759117538,0.22072753612284585,0.606785242427455,39.17091097523065,5478.0,6207641.1551,75.98122759117538,22.072753612284586,60.6785242427455,0
2006,New Hampshire,0.8251075043120367,0.3890160832151835,0.6784959504507722,40.55775640322052,7815.0,3501014.5209,82.51075043120368,38.90160832151835,67.84959504507722,0
2006,New Jersey,0.7535866991724611,0.4048052416825498,0.6431987941785384,40.198570549818776,7551.0,22597077.452800002,75.35866991724612,40.48052416825498,64.31987941785384,0
2006,New Mexico,0.7349934438345912,0.271228116419399,0.6036530776974754,39.960557831423905,3327.0,4724359.3729,73.49934438345912,27.122811641939897,60.365307769747545,0
2006,New York,0.7413159905271873,0.37390821709388755,0.5905869843357903,39.73679416125609,15270.0,49480607.600700006,74.13159905271873,37.39082170938875,59.058698433579025,0
2006,North Carolina,0.7618802313155196,0.2964308204901542,0.6156260315886385,39.71752123864507,7076.0,22612570.0115,76.18802313155196,29.64308204901542,61.56260315886385,0
2006,North Dakota,0.8659549091358278,0.3625987554355711,0.6944473889609634,40.61862813536317,4269.0,1542768.8397,86.59549091358278,36.25987554355711,69.44473889609634,0
2006,Ohio,0.7877979644450903,0.27576460781979883,0.6219892358091723,40.32987899009044,9996.0,29384880.857499998,78.77979644450903,27.576460781979883,62.19892358091723,0
2006,Oklahoma,0.7121200655082817,0.2583056096839242,0.6737171594456065,40.11021710665891,4241.0,8760327.2901,71.21200655082816,25.83056096839242,67.37171594456065,0
2006,Oregon,0.7458765364828472,0.3083366467654553,0.636368915311176,39.67421937784343,4742.0,9155332.1602,74.58765364828473,30.83366467654553,63.6368915311176,0
2006,Pennsylvania,0.7614280349143182,0.31337273974376006,0.6157608314954025,40.192537800392685,10489.0,30293581.299900003,76.14280349143182,31.337273974376007,61.57608314954025,0
2006,Rhode Island,0.7853176909045458,0.34072694465660724,0.6024221226875958,40.3276871102234,6189.0,2840594.6631999994,78.53176909045459,34.072694465660724,60.24221226875957,0
2006,South Carolina,0.751125341155533,0.2612312474828807,0.571221893280291,39.73447243796816,4888.0,11278077.4191,75.1125341155533,26.123124748288067,57.12218932802911,0
2006,South Dakota,0.8571724693024169,0.2952056603852285,0.7099559968189866,39.85501999788461,4868.0,1783679.4339,85.71724693024169,29.52056603852285,70.99559968189865,0
2006,Tennessee,0.7327403599835898,0.2811330207248514,0.6300900449611406,39.42055769030889,4857.0,15346613.4084,73.27403599835898,28.11330207248514,63.00900449611406,0
2006,Texas,0.7210284984656723,0.261850895005965,0.6570440454363712,39.26346784490139,17978.0,58755350.1001,72.10284984656722,26.185089500596497,65.70440454363712,0
2006,Utah,0.7202302006193708,0.26272533851018864,0.7388395367337484,38.02632204167252,4413.0,5948926.8784,72.02302006193707,26.272533851018864,73.88395367337483,0
2006,Vermont,0.8373334704546517,0.40192271230807675,0.6317785311524173,40.94958162540664,5320.0,1671633.0917,83.73334704546517,40.19227123080768,63.17785311524173,0
2006,Virginia,0.7673977738606192,0.36241406040339624,0.6181616503137662,39.899610887243455,7978.0,19913983.6453,76.73977738606193,36.241406040339626,61.81616503137663,0
2006,Washington,0.7727481446525467,0.32911326643755917,0.6402049118172564,39.70900906443225,6286.0,16576224.2387,77.27481446525466,32.91132664375592,64.02049118172563,0
2006,West Virginia,0.6951416040989618,0.1913268635438073,0.6539477770181781,40.40428602903194,4075.0,4527433.5044,69.51416040989618,19.13268635438073,65.3947777018178,0
2006,Wisconsin,0.8472304020863112,0.2834215795600844,0.6353689208516868,39.968355795633435,6630.0,14108241.744,84.72304020863112,28.34215795600844,63.53689208516868,0
2006,Wyoming,0.8180781027466343,0.20882916056648232,0.7121243064623863,40.404016194938485,4152.0,1248889.2389,81.80781027466342,20.88291605664823,71.21243064623863,0
2007,Alabama,0.719646012272785,0.26270656426891426,0.6043833210581913,40.044342094941236,3808.0,11348748.2846,71.96460122727851,26.270656426891424,60.43833210581913,0
2007,Alaska,0.7679421664875836,0.29820512081709744,0.6655293500855566,40.09779162069553,4983.0,1744325.1946,76.79421664875836,29.820512081709744,66.55293500855566,0
2007,Arizona,0.7085009056197574,0.2554619749741808,0.6075669354517708,39.804902032790004,4512.0,15555024.922600001,70.85009056197575,25.54619749741808,60.75669354517708,0
2007,Arkansas,0.7378524386186422,0.2163054090633496,0.6209849959585748,39.9930360368707,3633.0,6724651.7149,73.78524386186423,21.63054090633496,62.09849959585748,0
2007,California,0.7221876192919949,0.33344038816677607,0.6203140831994206,39.42504424909026,29600.0,93520718.1033,72.21876192919949,33.34403881667761,62.03140831994206,1
2007,Colorado,0.7803719835388684,0.4088703922917663,0.6748306153735371,39.643680361523636,7675.0,12976873.4678,78.03719835388684,40.88703922917663,67.4830615373537,0
2007,Connecticut,0.7836048895837443,0.4072506636387557,0.6288336693771571,40.411005016103275,7735.0,9191516.2005,78.36048895837443,40.72506636387557,62.883366937715714,0
2007,Delaware,0.7825144748260782,0.30850825948334576,0.6052680097314598,39.98984271997383,5402.0,2188707.7488,78.25144748260782,30.850825948334577,60.52680097314598,0
2007,District of Columbia,0.7969832260292186,0.5296899776388709,0.3149447928307541,38.25624931576973,4916.0,1699635.2427,79.69832260292186,52.968997763887096,31.49447928307541,0
2007,Florida,0.764160677633884,0.3092129895437052,0.6117034581788364,40.19840621013661,13831.0,45246119.4895,76.4160677633884,30.921298954370517,61.17034581788364,0
2007,Georgia,0.747008219366877,0.308188670847982,0.6004038598888051,39.82943799090622,8198.0,25796987.392899998,74.7008219366877,30.818867084798203,60.04038598888051,0
2007,Hawaii,0.7683660758828412,0.3371482321601373,0.5988981899253057,39.43846266373691,5353.0,3170419.8937999997,76.83660758828412,33.71482321601373,59.88981899253057,0
2007,Idaho,0.7560361982279207,0.27546756297552055,0.7372276180517899,39.157140808313216,3864.0,3580552.1719,75.60361982279207,27.546756297552054,73.72276180517899,0
2007,Illinois,0.7661636363204559,0.3564947282789156,0.6211345424397672,40.03602816967696,10862.0,33094593.474799998,76.61636363204559,35.64947282789156,62.11345424397672,0
2007,Indiana,0.7595579884686311,0.2685567528050748,0.673902421067843,40.064217545792935,5476.0,16504145.2412,75.9557988468631,26.85567528050748,67.3902421067843,0
2007,Iowa,0.8468960515248044,0.30122680135836233,0.69022725757448,40.15148441916807,6314.0,7114345.5381,84.68960515248044,30.122680135836234,69.022725757448,0
2007,Kansas,0.8072804413241821,0.36876051409402727,0.6729343569050948,39.52743167627296,4818.0,6524071.2678,80.7280441324182,36.87605140940273,67.29343569050948,0
2007,Kentucky,0.7236738855350626,0.25853480102036164,0.6629403459725582,39.864627603393494,5027.0,10541295.5364,72.36738855350626,25.853480102036166,66.29403459725583,0
2007,Louisiana,0.7361344249255517,0.2732553666754759,0.5896107129060035,39.78352229994835,3228.0,10506114.6287,73.61344249255517,27.32553666754759,58.96107129060035,0
2007,Maine,0.795084893589621,0.29875735249101437,0.6434614826118936,41.14325316417485,6518.0,3295778.1352999997,79.5084893589621,29.87573524910144,64.34614826118936,0
2007,Maryland,0.7912342756496705,0.403198536351328,0.5878356886788693,40.329225584923925,8488.0,14951097.1167,79.12342756496706,40.3198536351328,58.78356886788693,0
2007,Massachusetts,0.7574114688881268,0.4747619702837142,0.6164302214592257,40.02184317083554,5404.0,17089419.1741,75.74114688881268,47.476197028371416,61.643022145922565,0
2007,Michigan,0.7471773810087857,0.303940778385729,0.6395274587114901,40.13114619516988,8444.0,25581152.0346,74.71773810087858,30.3940778385729,63.952745871149006,0
2007,Minnesota,0.8412861053374238,0.40118753677184615,0.6724749222402902,39.79767383981666,8244.0,12970755.133800002,84.12861053374237,40.118753677184614,67.24749222402902,0
2007,Mississippi,0.7250446231014825,0.24795256212497235,0.5757566445271086,39.30470448323265,3131.0,6980142.34,72.50446231014826,24.795256212497236,57.57566445271086,0
2007,Missouri,0.798216385194675,0.30013489543582555,0.6236104439477514,39.417780911026014,5707.0,14741707.8853,79.8216385194675,30.013489543582555,62.36104439477514,0
2007,Montana,0.8297127632279334,0.345290163426899,0.6487741337026186,40.47913161505737,3289.0,2259023.6561000003,82.97127632279334,34.5290163426899,64.87741337026186,0
2007,Nebraska,0.8262715884791733,0.3022077113988314,0.6827196167157357,40.19928533874814,5069.0,4353831.9615,82.62715884791733,30.22077113988314,68.27196167157356,0
2007,Nevada,0.7676963682829365,0.2384985546859285,0.6040602428943551,38.92839450373714,5263.0,6262685.4111,76.76963682829366,23.84985546859285,60.406024289435514,0
2007,New Hampshire,0.820037961361229,0.39972332141872907,0.6897893011705086,40.50865283233883,7366.0,3390773.3504,82.0037961361229,39.972332141872904,68.97893011705087,0
2007,New Jersey,0.7456625027353925,0.41349516091144944,0.6488625524003225,40.26757914774978,7269.0,22660604.9477,74.56625027353925,41.34951609114494,64.88625524003226,0
2007,New Mexico,0.7674716504295118,0.28710454692575227,0.5980635222811957,39.91509918938647,3405.0,4941532.405499999,76.74716504295118,28.710454692575226,59.80635222811957,0
2007,New York,0.7401424515523738,0.37125794212709057,0.5889743675739859,39.78494305775686,14762.0,49303683.1046,74.01424515523738,37.12579421270906,58.897436757398594,0
2007,North Carolina,0.7634956102730618,0.32330864791277103,0.61798850245516,39.54050640872021,6812.0,22878908.1896,76.34956102730618,32.3308647912771,61.798850245516,0
2007,North Dakota,0.8628171699869666,0.35395848460015517,0.6857629944663077,40.26956800188048,4118.0,1492835.2089,86.28171699869665,35.395848460015515,68.57629944663077,0
2007,Ohio,0.781346791645507,0.2842922083918336,0.6308522546797473,40.42542801369145,9760.0,29456037.5737,78.1346791645507,28.429220839183362,63.08522546797472,0
2007,Oklahoma,0.7267125002633384,0.2658939788021263,0.6671092702268788,39.85476938274874,4197.0,8857192.9504,72.67125002633385,26.58939788021263,66.71092702268788,0
2007,Oregon,0.7532609675547911,0.31136280482395784,0.6314548946615677,39.63350040533569,4644.0,9189573.5074,75.32609675547911,31.136280482395783,63.14548946615677,0
2007,Pennsylvania,0.7625121277908765,0.3309992894144168,0.6076116838722704,40.266648497543606,10315.0,30809179.1035,76.25121277908765,33.09992894144168,60.76116838722704,0
2007,Rhode Island,0.8006653867566978,0.3728273879989125,0.5983985692009793,40.012759629819556,6009.0,2808829.5434,80.06653867566979,37.28273879989125,59.83985692009794,0
2007,South Carolina,0.7462055768939715,0.28398118112658055,0.5706749516189146,40.03739247328542,4575.0,11030154.1316,74.62055768939715,28.398118112658054,57.06749516189146,0
2007,South Dakota,0.8618908722306254,0.3189775541076077,0.694048418396376,39.961356155668625,4774.0,1770809.2423,86.18908722306254,31.89775541076077,69.4048418396376,0
2007,Tennessee,0.7298918407023546,0.2956394159569533,0.6452434022404953,39.754429949623756,4934.0,16056304.707999999,72.98918407023545,29.563941595695333,64.52434022404952,0
2007,Texas,0.7112663809195251,0.2716087115777911,0.644325308147636,39.16677400284749,17472.0,58731249.657400005,71.12663809195251,27.16087115777911,64.4325308147636,0
2007,Utah,0.729517473863099,0.2535638169553577,0.7030920146320838,38.005250522739004,4373.0,6189681.9832,72.95174738630989,25.356381695535767,70.30920146320838,0
2007,Vermont,0.8222486637595353,0.4106850015086174,0.622432293420151,40.85332300487279,4965.0,1606014.6220999998,82.22486637595352,41.068500150861745,62.243229342015105,0
2007,Virginia,0.7840975177091518,0.38723293422531235,0.6515765569672349,39.99002114675536,7774.0,20230932.768600002,78.40975177091518,38.723293422531235,65.1576556967235,0
2007,Washington,0.7788943901492862,0.33546345724905396,0.6269880807592599,39.57051748177696,6292.0,16767732.4637,77.88943901492861,33.54634572490539,62.698808075925996,0
2007,West Virginia,0.6787887807900844,0.19454360352014669,0.6839441402269265,40.2092092280091,4134.0,4588446.0802,67.87887807900844,19.454360352014668,68.39441402269266,0
2007,Wisconsin,0.8478667163561174,0.3148736426533949,0.648167424926975,40.01516413054628,6412.0,13950925.8018,84.78667163561174,31.48736426533949,64.8167424926975,0
2007,Wyoming,0.7929804555392597,0.23147141212431835,0.7105071488873985,40.22368857131823,4162.0,1219697.2848999999,79.29804555392596,23.147141212431833,71.05071488873985,0
2008,Alabama,0.7186442994991762,0.28061368884330157,0.6057549521151986,40.05039778448094,3739.0,11414394.1192,71.86442994991762,28.061368884330157,60.57549521151986,0
2008,Alaska,0.7753221381770258,0.2838105468874618,0.669750260756345,40.437555681787494,4878.0,1745501.0539000002,77.53221381770258,28.381054688746183,66.9750260756345,0
2008,Arizona,0.7235691457628611,0.2720506534136357,0.5919065126439613,39.267173652540144,4146.0,15810008.876400001,72.35691457628612,27.20506534136357,59.19065126439613,0
2008,Arkansas,0.7499643131936901,0.21057867663327987,0.6070905872668396,39.62820473198371,3636.0,6942414.4556,74.99643131936901,21.057867663327986,60.70905872668396,0
2008,California,0.7256381386603877,0.3440320711174659,0.6301533175620819,39.54941517298083,29311.0,92377621.5763,72.56381386603877,34.40320711174659,63.01533175620819,1
2008,Colorado,0.7735703380144053,0.4231473626005306,0.65947431618944,39.7983067191979,7550.0,13061439.6222,77.35703380144054,42.31473626005306,65.947431618944,0
2008,Connecticut,0.7871755829471819,0.4219131278968369,0.6199810029192055,40.723853425569835,7794.0,8964037.782499999,78.71755829471819,42.191312789683685,61.99810029192056,0
2008,Delaware,0.7854212925506122,0.33603798252137,0.5914602955464513,40.11867207603106,5213.0,2199594.471,78.54212925506123,33.603798252137004,59.14602955464513,0
2008,District of Columbia,0.8005241235278193,0.5291339290334625,0.3036087499127064,37.89351900310867,5027.0,1729970.8406000002,80.05241235278193,52.91339290334625,30.36087499127064,0
2008,Florida,0.7712671655231271,0.31096452155824167,0.6063800447377882,40.32372307489408,13276.0,44818891.4956,77.12671655231271,31.096452155824167,60.638004473778814,0
2008,Georgia,0.7539400688497946,0.32664542025502924,0.620154014775972,39.5272730686865,7800.0,25623523.191800002,75.39400688497946,32.664542025502925,62.0154014775972,0
2008,Hawaii,0.7906203480433822,0.3306580770102324,0.6133853426622499,39.89833468076387,5291.0,3132723.4183,79.06203480433823,33.06580770102324,61.33853426622499,0
2008,Idaho,0.7431176308363105,0.2707080358058543,0.7411942373839194,39.07756845886587,3702.0,3580836.7713,74.31176308363105,27.07080358058543,74.11942373839194,0
2008,Illinois,0.7646598365658938,0.3478292781510493,0.625323017070274,39.95291702266362,10744.0,33040405.3908,76.46598365658937,34.782927815104934,62.53230170702741,0
2008,Indiana,0.7745922918251374,0.26440946823678113,0.6489349779334435,40.18242540889474,5438.0,16001312.5128,77.45922918251374,26.440946823678114,64.89349779334435,0
2008,Iowa,0.8299792864860932,0.322367075923623,0.6839387671538211,39.97685072416571,6338.0,7298681.6568,82.99792864860932,32.2367075923623,68.3938767153821,0
2008,Kansas,0.8046369483057485,0.3541264882269888,0.6746974711836344,40.007241554095366,4736.0,6666262.4299,80.46369483057485,35.41264882269888,67.46974711836344,0
2008,Kentucky,0.6989116122350019,0.2666295472061172,0.6442830995812867,40.10654280034204,5058.0,10680297.2744,69.89116122350019,26.66295472061172,64.42830995812866,0
2008,Louisiana,0.7363496693858664,0.2735565687977579,0.5673314786338579,39.66200063206632,3378.0,11358766.4272,73.63496693858664,27.355656879775793,56.73314786338579,0
2008,Maine,0.7859251998343973,0.3245389965611009,0.6366276080222992,41.007200715166995,6276.0,3289092.9374,78.59251998343973,32.45389965611009,63.662760802229926,0
2008,Maryland,0.7981323562428773,0.42111766742288637,0.5965428544343854,40.45044129893587,8305.0,14608305.2916,79.81323562428773,42.11176674228864,59.65428544343854,0
2008,Massachusetts,0.7900758650214362,0.4838435901397743,0.5964673340621899,39.97680987538886,5406.0,16796213.2861,79.00758650214362,48.38435901397743,59.646733406218985,0
2008,Michigan,0.7513525756112469,0.29862475008953443,0.6387227565620555,40.15266895327436,7988.0,24828810.7857,75.13525756112469,29.862475008953442,63.872275656205545,0
2008,Minnesota,0.8389265793322491,0.40093997186475966,0.6512593640571188,39.69815309364991,8364.0,13306417.0843,83.89265793322491,40.09399718647597,65.12593640571188,0
2008,Mississippi,0.7186887637506923,0.2522523191157002,0.5960721598100689,39.68790022236376,3117.0,7013446.9245,71.86887637506923,25.225231911570017,59.60721598100689,0
2008,Missouri,0.776583606222439,0.2821749679431531,0.6197533794563175,39.7313843662773,5685.0,14590585.5541,77.6583606222439,28.21749679431531,61.97533794563175,0
2008,Montana,0.8208749235005669,0.3302013608999516,0.6587115489497777,40.65870558484943,3041.0,2189198.5788000003,82.08749235005669,33.02013608999516,65.87115489497776,0
2008,Nebraska,0.8279889105243982,0.3224090361040384,0.6840274269457227,40.159537761608675,5129.0,4343973.6675,82.79889105243981,32.24090361040384,68.40274269457227,0
2008,Nevada,0.7638669695111575,0.24143216324077,0.5958520414533285,39.0659699287548,5105.0,6294955.0354,76.38669695111575,24.143216324077,59.585204145332845,0
2008,New Hampshire,0.8257239173717755,0.3901736587473071,0.6763497767036354,40.8237464927359,7560.0,3362170.8152,82.57239173717755,39.01736587473071,67.63497767036354,0
2008,New Jersey,0.7692445732908979,0.39810533235506657,0.6172879894799764,40.33019471679183,7498.0,22363005.814400002,76.92445732908979,39.810533235506654,61.728798947997646,0
2008,New Mexico,0.7358649324018505,0.28878591328669645,0.6307646834786528,40.05240658628164,3166.0,4931504.9851,73.58649324018505,28.878591328669646,63.07646834786528,0
2008,New York,0.7488846020044837,0.3771263675114475,0.5798875280066456,39.81770003904026,14775.0,49695610.89210001,74.88846020044836,37.71263675114475,57.98875280066456,0
2008,North Carolina,0.7543050788814833,0.3116181549552146,0.6139710993259091,39.53992862697322,6950.0,23481502.855800003,75.43050788814834,31.16181549552146,61.39710993259091,0
2008,North Dakota,0.8745773297814216,0.3584900078521157,0.6874078669225091,39.879483133948625,3997.0,1496053.3584,87.45773297814216,35.84900078521157,68.74078669225091,0
2008,Ohio,0.7917645258134568,0.28745925837741815,0.6214684833295285,40.48845254287288,9591.0,29030479.9195,79.17645258134569,28.745925837741815,62.14684833295286,0
2008,Oklahoma,0.7266519491648394,0.2607462727928297,0.6449836056169569,39.78468430820617,4118.0,8790796.983399998,72.66519491648394,26.074627279282968,64.49836056169569,0
2008,Oregon,0.7898910979156543,0.3362166398923213,0.6166606905812939,39.10503739793088,4736.0,9366912.4253,78.98910979156543,33.62166398923213,61.666069058129395,0
2008,Pennsylvania,0.7867703026557519,0.34122987053804227,0.61956700295518,40.41755108079441,10359.0,30769966.2651,78.67703026557518,34.12298705380422,61.956700295518,0
2008,Rhode Island,0.8060207271669477,0.3495163347073027,0.5962561320863374,40.2355310495898,5749.0,2689545.4039,80.60207271669478,34.95163347073027,59.625613208633744,0
2008,South Carolina,0.7501705720641662,0.2803319151927049,0.5966693467919271,40.11271780320906,4457.0,11028201.096099999,75.01705720641661,28.03319151927049,59.66693467919271,0
2008,South Dakota,0.8619120762590322,0.30526873272958677,0.6772738122155,40.058046662726866,4887.0,1888455.2814999998,86.19120762590322,30.526873272958678,67.72738122155,0
2008,Tennessee,0.717701738656268,0.2851633806842916,0.6302390266407306,40.03899459522979,4712.0,16246574.6334,71.7701738656268,28.51633806842916,63.02390266407306,0
2008,Texas,0.7160467106563256,0.2812567248963945,0.6315461178243242,39.042217802053074,17687.0,59514430.356699996,71.60467106563256,28.125672489639452,63.154611782432426,0
2008,Utah,0.6928932411234671,0.2607588118336387,0.71525730763619,37.91402502371748,4178.0,6350969.9195,69.2893241123467,26.07588118336387,71.525730763619,0
2008,Vermont,0.8205576999637604,0.3769415496118687,0.6400651106686365,40.719390706984356,4942.0,1584823.5959,82.05576999637604,37.69415496118687,64.00651106686365,0
2008,Virginia,0.8008715435663664,0.4020385055981772,0.656827336584354,39.971004533983994,7523.0,20403191.2187,80.08715435663663,40.203850559817724,65.6827336584354,0
2008,Washington,0.7673606446306452,0.35399649050445475,0.6436598330335358,39.99154734041644,6080.0,16744637.9806,76.73606446306452,35.399649050445475,64.36598330335357,0
2008,West Virginia,0.660493903855273,0.19804143348529288,0.6824788845653703,40.50876230206248,3876.0,4489183.1929,66.04939038552729,19.804143348529287,68.24788845653703,0
2008,Wisconsin,0.8465595804165293,0.3324921441342645,0.6514414892693378,40.1756740274583,6506.0,13785142.961299999,84.65595804165294,33.24921441342645,65.14414892693378,0
2008,Wyoming,0.80143648973037,0.24389094967167688,0.6942919274646396,39.868986614528545,4155.0,1248904.5498,80.143648973037,24.389094967167686,69.42919274646397,0
2009,Alabama,0.6949435412677855,0.2604223564334428,0.6133617239946318,40.15118074278409,3742.0,11290501.4069,69.49435412677855,26.04223564334428,61.33617239946319,0
2009,Alaska,0.7677492756680748,0.30377948622040174,0.6600021577250021,39.7495730333129,4703.0,1684719.7843,76.77492756680748,30.377948622040172,66.00021577250021,0
2009,Arizona,0.7119575783848607,0.2950661438694766,0.6115697285731997,39.839477362170896,4032.0,16173341.1269,71.19575783848607,29.50661438694766,61.15697285731997,0
2009,Arkansas,0.7321742638397476,0.21311373538971756,0.6119415106443185,39.871351115931446,3543.0,6724406.9458,73.21742638397475,21.311373538971758,61.19415106443184,0
2009,California,0.7237605638995459,0.33513954640841187,0.6176005441049748,39.59959655280561,29521.0,91932193.54409999,72.37605638995458,33.513954640841185,61.760054410497474,1
2009,Colorado,0.7699274262088134,0.42669861864949127,0.6566534704883564,39.43919607744496,7593.0,12854914.2293,76.99274262088134,42.66986186494913,65.66534704883564,0
2009,Connecticut,0.8101961408492689,0.4303471477949747,0.6221356573130197,40.63358271045823,8132.0,9008473.4291,81.0196140849269,43.03471477949747,62.21356573130197,0
2009,Delaware,0.7970751088249508,0.3364000497967885,0.6027632903598612,39.87945986822007,5190.0,2122449.3181000003,79.70751088249509,33.64000497967885,60.27632903598612,0
2009,District of Columbia,0.8228362797597002,0.5637479116268974,0.3258131896238446,37.55589307727682,5127.0,1745536.8107,82.28362797597002,56.37479116268974,32.58131896238446,0
2009,Florida,0.7643969904155508,0.3182331327697779,0.5932825860868087,40.39983294837489,13344.0,44629542.3647,76.43969904155507,31.82331327697779,59.32825860868087,0
2009,Georgia,0.7267033927177095,0.34628956769964797,0.6046745974948619,39.68795137109915,7927.0,25980531.7,72.67033927177094,34.628956769964795,60.46745974948619,0
2009,Hawaii,0.7786541817428427,0.33839479764727104,0.6130624995583089,39.4600845693813,5133.0,2958798.99,77.86541817428427,33.8394797647271,61.30624995583089,0
2009,Idaho,0.7352619574040288,0.2719921979818749,0.7282268937751306,39.27387630036809,3665.0,3594389.9066,73.52619574040288,27.199219798187492,72.82268937751306,0
2009,Illinois,0.7613429888488533,0.3669513475931262,0.627632539379415,40.00001182498061,10888.0,32838218.737000003,76.13429888488533,36.69513475931262,62.7632539379415,0
2009,Indiana,0.7645300500222258,0.25016141812520104,0.6328308456059504,39.86809482975195,5336.0,15781523.4307,76.45300500222258,25.016141812520104,63.283084560595036,0
2009,Iowa,0.8530582958212852,0.3110970320818151,0.6699021591213928,39.99935972321427,6266.0,7270208.6093999995,85.30582958212852,31.10970320818151,66.99021591213928,0
2009,Kansas,0.8119303690150435,0.34313551850728796,0.6615094769989498,39.842154842659355,4738.0,6741805.0153,81.19303690150434,34.3135518507288,66.15094769989499,0
2009,Kentucky,0.7189030907271231,0.266995864834622,0.6276655205756771,39.82580420758746,5017.0,10951328.341400001,71.89030907271231,26.699586483462202,62.766552057567715,0
2009,Louisiana,0.710366062458627,0.2808687677712375,0.5772068950650979,39.93759245762218,3430.0,11294732.457700001,71.0366062458627,28.08687677712375,57.72068950650979,0
2009,Maine,0.7835868827842389,0.3297818418522959,0.6334162155710028,41.01491518764565,6358.0,3253931.1709000003,78.3586882784239,32.978184185229594,63.34162155710028,0
2009,Maryland,0.8106916107344048,0.4324492872458671,0.5958463340189817,40.16511034491047,8508.0,14731307.558099998,81.06916107344048,43.244928724586714,59.58463340189817,0
2009,Massachusetts,0.7961399792086462,0.4587222790904331,0.5962972308790612,40.519247096399724,5284.0,16574561.231199998,79.61399792086462,45.87222790904331,59.629723087906115,0
2009,Michigan,0.7519164591596305,0.31230979757711347,0.6352839629666507,40.44643634439696,8003.0,24370446.816099998,75.19164591596305,31.230979757711346,63.528396296665065,0
2009,Minnesota,0.8370985718928955,0.3937408332879919,0.6458121546891608,39.66820976707288,8396.0,13266763.059799999,83.70985718928955,39.374083328799195,64.58121546891607,0
2009,Mississippi,0.6962855215383026,0.219132460862341,0.5994131469747234,39.80142159928569,3167.0,7023313.8835,69.62855215383026,21.9132460862341,59.941314697472336,0
2009,Missouri,0.7934489513487317,0.2954410575051011,0.6152258521709221,39.976229128458314,5892.0,14899833.4276,79.34489513487317,29.54410575051011,61.52258521709221,0
2009,Montana,0.8027774120478433,0.34033609725658875,0.676637416511822,40.30785436307704,2875.0,2213221.5941,80.27774120478432,34.03360972565888,67.66374165118219,0
2009,Nebraska,0.8372551143677672,0.35114144823170446,0.680386430007777,39.96133175162047,5208.0,4311494.6419,83.72551143677673,35.11414482317045,68.0386430007777,0
2009,Nevada,0.7398987446285612,0.2489168466543274,0.5943222162043309,39.17390962742847,5403.0,6605990.1662,73.98987446285612,24.891684665432738,59.43222162043309,0
2009,New Hampshire,0.816060090780452,0.38088187995826217,0.6816339171425189,40.82087033230433,7536.0,3368078.0725000002,81.6060090780452,38.08818799582622,68.16339171425189,0
2009,New Jersey,0.7772361737307796,0.4198950567983244,0.6005790106555566,40.49154798650602,7517.0,21796677.416699998,77.72361737307796,41.98950567983244,60.05790106555566,0
2009,New Mexico,0.7325699868364446,0.2681997099721884,0.5841289919800264,39.6306306531498,2989.0,4815756.2282,73.25699868364445,26.81997099721884,58.41289919800264,0
2009,New York,0.7394589809957284,0.3777699139668221,0.5729263973035971,39.82051239535928,15305.0,50460689.411,73.94589809957284,37.776991396682206,57.29263973035971,0
2009,North Carolina,0.7536223045483684,0.3285296143127104,0.5980377598660747,39.752658894627864,7041.0,23640370.8486,75.36223045483685,32.85296143127104,59.80377598660746,0
2009,North Dakota,0.8504070183660399,0.3447715163148714,0.6677893630214672,39.30091250888531,3942.0,1504674.5211,85.040701836604,34.47715163148714,66.77893630214672,0
2009,Ohio,0.7741454702647421,0.265644137927557,0.6199168878446745,40.36294803692823,9515.0,28473838.5466,77.41454702647421,26.564413792755698,61.99168878446745,0
2009,Oklahoma,0.7445896781316068,0.28229688064661895,0.6508604074726091,39.66566155442088,4233.0,8900048.365199998,74.45896781316068,28.229688064661897,65.08604074726091,0
2009,Oregon,0.7760741237848683,0.3228629898184866,0.6058334232807465,39.364389082031394,4988.0,9566848.2183,77.60741237848683,32.28629898184866,60.58334232807465,0
2009,Pennsylvania,0.772280173266248,0.3278560025557085,0.6262553212036754,40.34222467370745,9969.0,29702801.8035,77.2280173266248,32.78560025557085,62.625532120367545,0
2009,Rhode Island,0.8072341051897604,0.3308003098265563,0.5825315030116728,40.17493646648779,5744.0,2640116.3597999997,80.72341051897604,33.08003098265563,58.25315030116728,0
2009,South Carolina,0.7760076854723895,0.2845103815096028,0.5939868178420605,39.726553769319004,4548.0,11189151.4331,77.60076854723896,28.45103815096028,59.398681784206055,0
2009,South Dakota,0.8540798014164055,0.30875776294098234,0.6573078642388215,40.05443240295581,5006.0,1888934.1241000001,85.40798014164055,30.875776294098234,65.73078642388215,0
2009,Tennessee,0.742126902018066,0.2990471707634243,0.6282235555860665,40.03587057741363,4790.0,16047788.4106,74.2126902018066,29.90471707634243,62.822355558606645,0
2009,Texas,0.7129577001951009,0.2839817910835974,0.634895812889179,39.109326191563405,18344.0,60550657.3826,71.29577001951009,28.398179108359738,63.4895812889179,0
2009,Utah,0.7032582321240723,0.27040183484254177,0.7289701384681212,37.96906031885811,4011.0,6576310.4819,70.32582321240723,27.040183484254175,72.89701384681211,0
2009,Vermont,0.8490978956138302,0.395731144410044,0.6519712400429736,41.04409726210726,4918.0,1533904.3643,84.90978956138302,39.5731144410044,65.19712400429736,0
2009,Virginia,0.7912409280295821,0.3975127913336255,0.6309251608722048,40.025441685756824,7435.0,20195584.6484,79.12409280295822,39.75127913336255,63.09251608722049,0
2009,Washington,0.7872621768432458,0.34294853839950706,0.6367473473304146,39.82152495834351,6060.0,16522161.3136,78.72621768432458,34.294853839950704,63.67473473304146,0
2009,West Virginia,0.6398186857312811,0.21280432375060154,0.6642327010881283,40.3093484137064,3665.0,4344670.905200001,63.98186857312811,21.280432375060155,66.42327010881283,0
2009,Wisconsin,0.8460787485777281,0.33878346612727106,0.6397151652845843,40.05436548997469,6509.0,13760067.2807,84.60787485777281,33.87834661272711,63.97151652845843,0
2009,Wyoming,0.7907227042297517,0.2505434898445332,0.7066892263077408,39.75914001432029,4297.0,1258594.0784,79.07227042297517,25.054348984453316,70.66892263077408,0
2010,Alabama,0.7069320538539989,0.24387559322487654,0.5823063708684795,39.85344342690589,3862.0,11745093.0092,70.69320538539989,24.387559322487654,58.23063708684795,0
2010,Alaska,0.7707666547069456,0.2926560917549613,0.6566570982603726,39.38091076834098,4626.0,1715053.6703,77.07666547069456,29.26560917549613,65.66570982603726,0
2010,Arizona,0.7069218675035448,0.3004673059416531,0.6205259142641734,39.843303866001946,4085.0,15884626.618999999,70.69218675035448,30.04673059416531,62.05259142641734,0
2010,Arkansas,0.7101538538323907,0.22654561682406554,0.6244755845729462,40.14301073791763,3332.0,6668531.32,71.01538538323908,22.654561682406555,62.44755845729462,0
2010,California,0.7275132711732634,0.34144242966135685,0.5961059564125591,39.33100022358138,30360.0,92463531.7389,72.75132711732634,34.144242966135685,59.61059564125591,1
2010,Colorado,0.7772147115636695,0.4277474614150916,0.6494691351768107,39.63793578115896,7818.0,13009184.463399999,77.72147115636695,42.77474614150916,64.94691351768107,0
2010,Connecticut,0.7932754784820952,0.4320313652708811,0.6199771080501902,40.913275505530294,8004.0,8843765.7641,79.32754784820952,43.20313652708811,61.997710805019025,0
2010,Delaware,0.7848923226979698,0.33010809553035003,0.5978917757347793,39.99410082160861,5325.0,2183613.4874,78.48923226979699,33.010809553035,59.78917757347793,0
2010,District of Columbia,0.8246691198690175,0.5990430984975047,0.32749889094156753,37.086207850982824,5221.0,1779904.8654,82.46691198690175,59.90430984975047,32.74988909415676,0
2010,Florida,0.7679971380429139,0.32003484623263057,0.5808341722542547,40.304464913143846,13375.0,45073606.109799996,76.79971380429139,32.003484623263056,58.08341722542547,0
2010,Georgia,0.7292699546093233,0.3535291341256805,0.6071625868513486,39.5685735495312,8102.0,26295990.9386,72.92699546093233,35.35291341256805,60.71625868513486,0
2010,Hawaii,0.7878441701507923,0.3371654335791019,0.6129967229134705,39.505871620008236,5077.0,2852941.0242,78.78441701507923,33.71654335791019,61.29967229134705,0
2010,Idaho,0.7284356163496415,0.25619208904463003,0.7096349446904882,39.22020915938201,3517.0,3557214.9183,72.84356163496415,25.619208904463004,70.96349446904881,0
2010,Illinois,0.7568354064601208,0.371548722861653,0.6135252804177566,39.91320938043703,10599.0,32137298.130200002,75.68354064601208,37.1548722861653,61.352528041775656,0
2010,Indiana,0.7689313985263835,0.264208339937423,0.6208602916187452,39.81311424466757,5011.0,15245973.9793,76.89313985263834,26.4208339937423,62.08602916187452,0
2010,Iowa,0.8456132713118307,0.30920872630001345,0.6649561268088929,40.24385236566699,6105.0,7113642.696699999,84.56132713118308,30.920872630001345,66.4956126808893,0
2010,Kansas,0.7956504058443578,0.3720321307042808,0.6304034915347471,39.66814261974147,4721.0,6740146.126499999,79.56504058443578,37.203213070428085,63.04034915347471,0
2010,Kentucky,0.725088310317749,0.25563552471373047,0.6101205749122276,39.918633534907016,5235.0,11131447.7465,72.5088310317749,25.563552471373047,61.01205749122276,0
2010,Louisiana,0.7203687009896873,0.2769605919781233,0.6003319606624757,40.058993866645004,3228.0,11108373.9034,72.03687009896873,27.69605919781233,60.03319606624758,0
2010,Maine,0.798303367529878,0.3348638560387195,0.6100486862927207,41.03855017872334,6280.0,3150269.8281,79.83033675298779,33.48638560387195,61.00486862927207,0
2010,Maryland,0.8077677324269413,0.4397956274051006,0.594129725316464,40.31248562388756,8276.0,14474555.5022,80.77677324269413,43.97956274051006,59.4129725316464,0
2010,Massachusetts,0.8023370278303046,0.4758660074722135,0.6056360818379442,40.369133170826395,5320.0,16890290.8079,80.23370278303045,47.586600747221354,60.563608183794415,0
2010,Michigan,0.7360378340915806,0.31761059375950085,0.6181056625341309,40.629646852993666,7952.0,24094914.7902,73.60378340915807,31.761059375950083,61.81056625341309,0
2010,Minnesota,0.8304111580161966,0.4030385878155846,0.6461553932535367,39.612266831295905,8225.0,12919134.6581,83.04111580161965,40.30385878155846,64.61553932535367,0
2010,Mississippi,0.7344487469219828,0.23139202496941028,0.5752360642764544,39.86608267126616,3223.0,7052474.5739,73.44487469219828,23.139202496941028,57.52360642764543,0
2010,Missouri,0.8019581400434258,0.29541608639666694,0.616688763541637,40.00395451223614,5887.0,14747602.4899,80.19581400434258,29.541608639666695,61.66887635416371,0
2010,Montana,0.7863421781805376,0.30953705874535603,0.6299895275025641,39.867535166785345,2688.0,2116087.1259000003,78.63421781805377,30.953705874535604,62.99895275025641,0
2010,Nebraska,0.8405055296798972,0.37900776054867763,0.673844281140621,39.46304444508786,5026.0,4204709.1843,84.05055296798972,37.90077605486776,67.3844281140621,0
2010,Nevada,0.7330219444771062,0.25106469393488606,0.5939647228877413,39.030550116715844,5103.0,6227339.5506,73.30219444771062,25.106469393488606,59.39647228877413,0
2010,New Hampshire,0.8114886917858432,0.3956504988247123,0.6665717158271094,40.727479113465456,7297.0,3383411.1929,81.14886917858432,39.56504988247123,66.65717158271094,0
2010,New Jersey,0.7694508726547464,0.43275279396361077,0.6248571407787146,40.721356716906605,7121.0,21566212.8582,76.94508726547464,43.27527939636108,62.48571407787146,0
2010,New Mexico,0.7108256911226564,0.30518172010301026,0.5366219196783004,39.222728959699424,2883.0,4741337.0988,71.08256911226563,30.518172010301026,53.66219196783004,0
2010,New York,0.7374651715295639,0.39612821866432,0.5543241553213036,39.740766779617466,15039.0,49087654.8292,73.74651715295639,39.612821866432,55.43241553213036,0
2010,North Carolina,0.7490700162989193,0.3277082071393992,0.5977775549562538,39.79464180656251,6861.0,23487774.8122,74.90700162989194,32.77082071393992,59.777755495625385,0
2010,North Dakota,0.8479815822683292,0.3622552191459037,0.6555062054221757,39.79872431938447,4016.0,1483351.614,84.79815822683292,36.22552191459037,65.55062054221757,0
2010,Ohio,0.7638601110572744,0.2636184377610751,0.6254093013060127,40.34170133542982,9369.0,28458143.527499996,76.38601110572743,26.361843776107506,62.54093013060127,0
2010,Oklahoma,0.7278928887467156,0.27825256255286124,0.659511534965858,39.66925615577545,4066.0,8751305.881099999,72.78928887467157,27.825256255286124,65.9511534965858,0
2010,Oregon,0.765978364093905,0.35483777907336866,0.592572813798333,39.80177219449104,4977.0,9547669.595800001,76.5978364093905,35.483777907336865,59.2572813798333,0
2010,Pennsylvania,0.7630740731983635,0.33600267556210495,0.610152662469615,40.234952960809245,9928.0,30363364.4123,76.30740731983636,33.6002675562105,61.015266246961495,0
2010,Rhode Island,0.8179127193757132,0.3688858857444535,0.5623282622900088,40.14715597222667,5796.0,2597070.3378,81.79127193757132,36.88858857444535,56.23282622900088,0
2010,South Carolina,0.7607547549775366,0.277415609612903,0.5686667337889282,39.804215904302275,4484.0,11073776.678199999,76.07547549775366,27.7415609612903,56.86667337889282,0
2010,South Dakota,0.8363650673015094,0.317122109444668,0.6496345032489197,40.05399730184391,5147.0,1901097.7196,83.63650673015094,31.7122109444668,64.96345032489197,0
2010,Tennessee,0.7360336341136717,0.2876365644612065,0.6151442683952871,39.94354012323148,4699.0,16052531.0127,73.60336341136717,28.76365644612065,61.51442683952871,0
2010,Texas,0.716366530039979,0.27700299752366464,0.6232116050029298,38.981556679311225,18562.0,61332895.37110001,71.63665300399789,27.700299752366465,62.32116050029298,0
2010,Utah,0.6929010091373947,0.2654205252210875,0.6990742292083189,38.208134721410744,4142.0,6731514.5455,69.29010091373947,26.54205252210875,69.90742292083189,0
2010,Vermont,0.8320995616842929,0.41452933013658927,0.6360016648774958,40.97841568636791,4856.0,1536167.5597,83.20995616842929,41.45293301365893,63.600166487749576,0
2010,Virginia,0.7707675003297162,0.41523600139683386,0.6165778477906225,40.006631793234284,7756.0,20196831.8173,77.07675003297162,41.52360013968339,61.657784779062254,0
2010,Washington,0.7716055322251639,0.3345656930751077,0.6344127765886604,39.58600752479858,5960.0,16857650.8648,77.1605532225164,33.45656930751077,63.441277658866035,0
2010,West Virginia,0.6602113846819991,0.24076262579209817,0.6329632720226992,40.01888986412882,3596.0,4293568.1404,66.02113846819991,24.076262579209818,63.29632720226992,0
2010,Wisconsin,0.8490487788488099,0.35693545051842795,0.6329510425505616,40.03116962508893,6467.0,13646393.1692,84.90487788488099,35.6935450518428,63.29510425505616,0
2010,Wyoming,0.7929078366453742,0.26603064757782957,0.6921565145320536,39.46121663073031,4322.0,1275812.9343,79.29078366453743,26.603064757782956,69.21565145320537,0
